url,id,site_id,release_id,ah_organic,ah_organic_date,ah_backlinks,ah_backlinks_date,ah_refdomains,ah_refdomains_date,ah_domain_rating,ah_domain_rating_date,ct_mg_input_unique,ct_mg_input_unique_date,ct_mg_c_flow,ct_mg_c_flow_date,ct_mg_t_flow,ct_mg_t_flow_date,mz_da,mz_da_date,mz_pa,mz_pa_date,vendor_short,price
amourvert.com,2375039,558544,8,11297,2026-08-05,,,2670,2026-08-05,60,2026-08-05,1338,2026-07-31,43,2026-07-31,35,2026-07-31,53,2026-07-31,52,2026-07-31,collaborator,110.0
arabamerica.com,2154907,99166,8,10414,2026-08-05,,,4423,2026-08-05,63,2026-08-05,2200,2026-07-31,44,2026-07-31,30,2026-07-31,56,2026-07-31,49,2026-07-31,wmlinks,215.0
arfadia.com,2289020,351503,8,7457,2026-08-05,,,5088,2026-08-05,71,2026-08-05,3188,2026-07-31,46,2026-07-31,29,2026-07-31,73,2026-07-31,47,2026-07-31,collaborator,150.0
authorea.com,2343495,508081,8,7436,2026-08-05,,,9580,2026-08-05,75,2026-08-05,4613,2026-07-31,35,2026-07-31,30,2026-07-31,65,2026-07-31,53,2026-07-31,backlinker,115.0
bd24live.com,2357807,534770,8,13032,2026-08-05,,,1149,2026-08-05,59,2026-08-05,841,2026-07-31,52,2026-07-31,24,2026-07-31,32,2026-07-31,47,2026-07-31,wmlinks,130.0
brewminate.com,2143654,79989,8,6536,2026-08-05,,,5839,2026-08-05,60,2026-08-05,3272,2026-07-31,44,2026-07-31,32,2026-07-31,56,2026-07-31,53,2026-07-31,wmlinks,130.0
builtinseattle.com,2132534,52786,8,31480,2026-08-05,,,3947,2026-08-05,67,2026-08-05,1373,2026-07-31,44,2026-07-31,28,2026-07-31,41,2026-07-31,47,2026-07-31,backlinker,195.0
caclubindia.com,2161933,110847,8,56676,2026-08-05,,,5982,2026-08-05,63,2026-08-05,3020,2026-07-31,48,2026-07-31,48,2026-07-31,50,2026-07-31,51,2026-07-31,prnews,248.0
clickdo.co.uk,2193377,151648,8,7688,2026-08-05,,,2256,2026-08-05,61,2026-08-05,1398,2026-07-31,42,2026-07-31,28,2026-07-31,33,2026-07-31,46,2026-07-31,wmlinks,161.0
cssauthor.com,2278479,320588,8,10967,2026-08-05,,,2360,2026-08-05,63,2026-08-05,1494,2026-07-31,46,2026-07-31,25,2026-07-31,59,2026-07-31,54,2026-07-31,wmlinks,230.0
culturecustodian.com,2159906,107605,8,5432,2026-08-05,,,3115,2026-08-05,55,2026-08-05,908,2026-07-31,36,2026-07-31,21,2026-07-31,34,2026-07-31,45,2026-07-31,backlinker,149.0
cupidbaba.com,2261952,255928,8,5234,2026-08-05,,,3953,2026-08-05,61,2026-08-05,1214,2026-07-31,49,2026-07-31,26,2026-07-31,37,2026-07-31,45,2026-07-31,wmlinks,130.0
d24am.com,2163260,112608,8,17159,2026-08-05,,,2769,2026-08-05,57,2026-08-05,1534,2026-07-31,33,2026-07-31,24,2026-07-31,69,2026-07-31,52,2026-07-31,wmlinks,130.0
dailyexcelsior.com,2193117,151361,8,57051,2026-08-05,,,7281,2026-08-05,71,2026-08-05,3598,2026-07-31,42,2026-07-31,55,2026-07-31,73,2026-07-31,52,2026-07-31,needmylink,146.0
datafilehost.com,2193344,151612,8,9514,2026-08-05,,,5553,2026-08-05,61,2026-08-05,2752,2026-07-31,48,2026-07-31,29,2026-07-31,82,2026-07-31,58,2026-07-31,wmlinks,110.0
diigo.com,2090893,89030,8,18770,2026-08-05,,,76284,2026-08-05,82,2026-08-05,34778,2026-07-31,55,2026-07-31,39,2026-07-31,91,2026-07-31,71,2026-07-31,backlinker,130.0
es.kompass.com,2209308,175377,8,30838,2026-08-05,,,1027,2026-08-05,77,2026-08-05,639,2026-07-31,24,2026-07-31,40,2026-07-31,68,2026-07-31,53,2026-07-31,collaborator,150.0
extendsclass.com,2213723,181418,8,6134,2026-08-05,,,3090,2026-08-05,66,2026-08-05,1033,2026-07-31,45,2026-07-31,29,2026-07-31,35,2026-07-31,48,2026-07-31,whitehatlinks,105.0
galiciapress.es,2124133,41808,8,15971,2026-08-05,,,1,2026-08-05,59,2026-08-05,1431,2026-07-31,35,2026-07-31,28,2026-07-31,52,2026-07-31,44,2026-07-31,prnews,224.0
gameluster.com,2168367,119191,8,51542,2026-08-05,,,20063,2026-08-05,74,2026-08-05,15734,2026-07-31,62,2026-07-31,32,2026-07-31,53,2026-07-31,51,2026-07-31,backlinker,145.0
gamespace.com,2145212,82991,8,10073,2026-08-05,,,6386,2026-08-05,57,2026-08-05,2577,2026-07-31,33,2026-07-31,24,2026-07-31,52,2026-07-31,51,2026-07-31,wmlinks,110.0
growthhackers.com,2284774,332504,8,8437,2026-08-05,,,6607,2026-08-05,77,2026-08-05,4340,2026-07-31,43,2026-07-31,29,2026-07-31,66,2026-07-31,60,2026-07-31,backlinker,125.0
hacker9.com,2154128,98273,8,151630,2026-08-05,,,2022,2026-08-05,72,2026-08-05,891,2026-07-31,38,2026-07-31,24,2026-07-31,66,2026-07-31,48,2026-07-31,needmylink,105.0
hive.com,2204113,167178,8,18023,2026-08-05,,,6328,2026-08-05,77,2026-08-05,4362,2026-07-31,49,2026-07-31,36,2026-07-31,53,2026-07-31,57,2026-07-31,backlinker,185.0
indiadeets.com,2200289,162185,8,6231,2026-08-05,,,833,2026-08-05,70,2026-08-05,141,2026-07-31,32,2026-07-31,16,2026-07-31,52,2026-07-31,37,2026-07-31,wmlinks,150.0
indianagazette.com,2379650,564910,8,9530,2026-08-05,,,5701,2026-08-05,60,2026-08-05,2100,2026-07-31,34,2026-07-31,42,2026-07-31,60,2026-07-31,49,2026-07-31,prnews,117.0
kanbanzone.com,2296785,433176,8,5335,2026-08-05,,,3214,2026-08-05,57,2026-08-05,864,2026-07-31,28,2026-07-31,23,2026-07-31,62,2026-07-31,47,2026-07-31,wmlinks,180.0
leavedates.com,2239908,228262,8,25614,2026-08-05,,,1219,2026-08-05,54,2026-08-05,653,2026-07-31,40,2026-07-31,27,2026-07-31,30,2026-07-31,43,2026-07-31,backlinker,115.0
mspoweruser.com,2187846,145420,8,26964,2026-08-05,,,11945,2026-08-05,75,2026-08-05,7122,2026-07-31,50,2026-07-31,53,2026-07-31,88,2026-07-31,59,2026-07-31,wmlinks,130.0
musculoskeletalkey.com,2375120,558632,8,39104,2026-08-05,,,2648,2026-08-05,52,2026-08-05,997,2026-07-31,40,2026-07-31,25,2026-07-31,41,2026-07-31,50,2026-07-31,whitehatlinks,165.0
picmaker.com,2379306,564559,8,44655,2026-08-05,,,3715,2026-08-05,58,2026-08-05,1174,2026-07-31,42,2026-07-31,21,2026-07-31,39,2026-07-31,47,2026-07-31,backlinker,215.0
rakeback.com,2136358,57375,8,12996,2026-08-05,,,8040,2026-08-05,51,2026-08-05,5316,2026-07-31,51,2026-07-31,26,2026-07-31,36,2026-07-31,46,2026-07-31,collaborator,210.0
rapidhomedirect.com,2176689,130708,8,5453,2026-08-05,,,1792,2026-08-05,63,2026-08-05,777,2026-07-31,40,2026-07-31,23,2026-07-31,30,2026-07-31,36,2026-07-31,needmylink,130.0
rockawave.com,2273510,314257,8,13055,2026-08-05,,,4114,2026-08-05,59,2026-08-05,1471,2026-07-31,30,2026-07-31,37,2026-07-31,51,2026-07-31,47,2026-07-31,whitehatlinks,105.0
stackademic.com,2272477,312823,8,41065,2026-08-05,,,5975,2026-08-05,66,2026-08-05,2505,2026-07-31,42,2026-07-31,29,2026-07-31,59,2026-07-31,45,2026-07-31,whitehatlinks,177.0
taggbox.com,2218756,190821,8,15369,2026-08-05,,,6343,2026-08-05,82,2026-08-05,3475,2026-07-31,49,2026-07-31,36,2026-07-31,44,2026-07-31,53,2026-07-31,backlinker,245.0
tanks-encyclopedia.com,2159821,107477,8,12303,2026-08-05,,,4878,2026-08-05,56,2026-08-05,1529,2026-07-31,50,2026-07-31,27,2026-07-31,58,2026-07-31,52,2026-07-31,wmlinks,130.0
tennessean.com,2210567,177068,8,274065,2026-08-05,,,35414,2026-08-05,83,2026-08-05,23395,2026-07-31,50,2026-07-31,53,2026-07-31,85,2026-07-31,61,2026-07-31,collaborator,200.0
the-art-world.com,2153957,98068,8,12324,2026-08-05,,,3231,2026-08-05,62,2026-08-05,697,2026-07-31,37,2026-07-31,31,2026-07-31,32,2026-07-31,39,2026-07-31,prnews,104.0
thesoundstour.com,2248667,239117,8,10527,2026-08-05,,,1495,2026-08-05,63,2026-08-05,552,2026-07-31,37,2026-07-31,19,2026-07-31,26,2026-07-31,38,2026-07-31,needmylink,120.0
thinkofgames.com,2153244,97152,8,15024,2026-08-05,,,10857,2026-08-05,64,2026-08-05,1400,2026-07-31,32,2026-07-31,28,2026-07-31,23,2026-07-31,48,2026-07-31,needmylink,100.0
timesargus.com,2379653,564913,8,21156,2026-08-05,,,5162,2026-08-05,70,2026-08-05,3378,2026-07-31,38,2026-07-31,47,2026-07-31,70,2026-07-31,51,2026-07-31,wmlinks,205.0
topescort.com,2308075,459005,8,203942,2026-08-05,,,2375,2026-08-05,61,2026-08-05,1679,2026-07-31,48,2026-07-31,25,2026-07-31,29,2026-07-31,45,2026-07-31,needmylink,241.0
veganovtrichy.com,2272849,313211,8,749032,2026-08-05,,,830,2026-08-05,71,2026-08-05,226,2026-07-31,33,2026-07-31,18,2026-07-31,42,2026-07-31,41,2026-07-31,wmlinks,110.0
visitsouthdevon.co.uk,2248858,239314,8,41435,2026-08-05,,,2286,2026-08-05,67,2026-08-05,1349,2026-07-31,36,2026-07-31,42,2026-07-31,52,2026-07-31,46,2026-07-31,wmlinks,130.0
walterfootball.com,2372647,555086,8,134854,2026-08-05,,,6599,2026-08-05,57,2026-08-05,2294,2026-07-31,52,2026-07-31,30,2026-07-31,59,2026-07-31,54,2026-07-31,wmlinks,230.0
wealthylike.com,2266415,262283,8,16781,2026-08-05,,,1138,2026-08-05,80,2026-08-05,352,2026-07-31,48,2026-07-31,31,2026-07-31,40,2026-07-31,44,2026-07-31,wmlinks,180.0
xoxoday.com,2273813,314615,8,37311,2026-08-05,,,7810,2026-08-05,76,2026-08-05,3813,2026-07-31,54,2026-07-31,26,2026-07-31,48,2026-07-31,51,2026-07-31,wmlinks,180.0
asiaone.com,2240955,229860,8,154741,2026-08-05,,,22674,2026-08-05,79,2026-08-05,13507,2026-07-31,59,2026-07-31,57,2026-07-31,82,2026-07-31,60,2026-07-31,needmylink,156.0
azbigmedia.com,2143650,79984,8,10751,2026-08-05,,,20207,2026-08-05,78,2026-08-05,7535,2026-07-31,39,2026-07-31,37,2026-07-31,72,2026-07-31,58,2026-07-31,whitehatlinks,138.0
betgenuine.com,2307560,458463,8,169673,2026-08-05,,,4333,2026-08-05,52,2026-08-05,1238,2026-07-31,39,2026-07-31,27,2026-07-31,19,2026-07-31,47,2026-07-31,wmlinks,180.0
bighugelabs.com,2370181,550907,8,6818,2026-08-05,,,7271,2026-08-05,67,2026-08-05,3694,2026-07-31,52,2026-07-31,59,2026-07-31,69,2026-07-31,63,2026-07-31,backlinker,185.0
clinicspots.com,2214314,182680,8,43123,2026-08-05,,,3900,2026-08-05,64,2026-08-05,1766,2026-07-31,43,2026-07-31,23,2026-07-31,48,2026-07-31,45,2026-07-31,wmlinks,200.0
coststatus.com,2295372,431445,8,14886,2026-08-05,,,1144,2026-08-05,52,2026-08-05,427,2026-07-31,37,2026-07-31,17,2026-07-31,21,2026-07-31,31,2026-07-31,prnews,104.0
crypto-economy.com,2148495,91721,8,32628,2026-08-05,,,6539,2026-08-05,61,2026-08-05,4698,2026-07-31,59,2026-07-31,25,2026-07-31,48,2026-07-31,51,2026-07-31,collaborator,145.0
curemd.com,2271087,311387,8,41728,2026-08-05,,,2705,2026-08-05,69,2026-08-05,1627,2026-07-31,46,2026-07-31,36,2026-07-31,39,2026-07-31,48,2026-07-31,collaborator,200.0
deviantart.com,2090679,144,8,6606663,2026-08-05,,,175644,2026-08-05,91,2026-08-05,110864,2026-07-31,59,2026-07-31,82,2026-07-31,75,2026-07-31,67,2026-07-31,backlinker,110.0
dynseo.com,2241934,230995,8,11383,2026-08-05,,,1831,2026-08-05,58,2026-08-05,1117,2026-07-31,44,2026-07-31,29,2026-07-31,46,2026-07-31,40,2026-07-31,collaborator,146.0
edugorilla.com,2122159,38424,8,13774,2026-08-05,,,4176,2026-08-05,77,2026-08-05,2229,2026-07-31,38,2026-07-31,18,2026-07-31,50,2026-07-31,53,2026-07-31,backlinker,128.0
eerone.com,2378355,563479,8,8258,2026-08-05,,,959,2026-08-05,51,2026-08-05,282,2026-07-31,36,2026-07-31,18,2026-07-31,33,2026-07-31,35,2026-07-31,whitehatlinks,138.0
emberslasvegas.com,2193079,151322,8,5327,2026-08-05,,,1635,2026-08-05,64,2026-08-05,910,2026-07-31,37,2026-07-31,16,2026-07-31,28,2026-07-31,40,2026-07-31,whitehatlinks,126.0
entreresource.com,2291600,426456,8,11133,2026-08-05,,,3377,2026-08-05,57,2026-08-05,1065,2026-07-31,44,2026-07-31,21,2026-07-31,38,2026-07-31,47,2026-07-31,wmlinks,235.0
etruesports.com,2153532,97508,8,16093,2026-08-05,,,6295,2026-08-05,70,2026-08-05,1279,2026-07-31,37,2026-07-31,26,2026-07-31,36,2026-07-31,49,2026-07-31,needmylink,106.0
ev.com,2374413,557859,8,47354,2026-08-05,,,3686,2026-08-05,53,2026-08-05,677,2026-07-31,39,2026-07-31,27,2026-07-31,45,2026-07-31,43,2026-07-31,collaborator,190.0
fashionbombdaily.com,2143265,78778,8,9982,2026-08-05,,,3347,2026-08-05,61,2026-08-05,1958,2026-07-31,52,2026-07-31,33,2026-07-31,70,2026-07-31,60,2026-07-31,wmlinks,180.0
femalecricket.com,2150293,93688,8,56463,2026-08-05,,,5196,2026-08-05,51,2026-08-05,1660,2026-07-31,31,2026-07-31,18,2026-07-31,33,2026-07-31,45,2026-07-31,needmylink,179.0
flexiple.com,2185862,142420,8,25842,2026-08-05,,,4849,2026-08-05,64,2026-08-05,1769,2026-07-31,45,2026-07-31,22,2026-07-31,41,2026-07-31,50,2026-07-31,wmlinks,230.0
gametyrant.com,2193560,151846,8,54132,2026-08-05,,,8302,2026-08-05,60,2026-08-05,3741,2026-07-31,50,2026-07-31,25,2026-07-31,52,2026-07-31,48,2026-07-31,wmlinks,105.0
gizmocrunch.com,2155263,99581,8,63742,2026-08-05,,,1181,2026-08-05,54,2026-08-05,659,2026-07-31,30,2026-07-31,18,2026-07-31,40,2026-07-31,42,2026-07-31,collaborator,125.0
goodmenproject.com,2115351,28316,8,15222,2026-08-05,,,22607,2026-08-05,79,2026-08-05,12574,2026-07-31,44,2026-07-31,51,2026-07-31,82,2026-07-31,64,2026-07-31,whitehatlinks,138.0
happlify.nl,2306010,455680,8,22043,2026-08-05,,,729,2026-08-05,51,2026-08-05,297,2026-07-31,33,2026-07-31,29,2026-07-31,67,2026-07-31,41,2026-07-31,collaborator,237.0
healthsciencesforum.com,2193082,151325,8,8689,2026-08-05,,,3699,2026-08-05,63,2026-08-05,917,2026-07-31,43,2026-07-31,16,2026-07-31,30,2026-07-31,38,2026-07-31,needmylink,122.0
henof.com,2187852,145428,8,48098,2026-08-05,,,2270,2026-08-05,50,2026-08-05,548,2026-07-31,28,2026-07-31,22,2026-07-31,70,2026-07-31,46,2026-07-31,needmylink,106.0
lekhmarathi.com,2371408,553774,8,6740,2026-08-05,,,581,2026-08-05,57,2026-08-05,87,2026-07-31,27,2026-07-31,30,2026-07-31,39,2026-07-31,39,2026-07-31,wmlinks,170.0
mightydeals.com,2297725,434177,8,7252,2026-08-05,,,2911,2026-08-05,63,2026-08-05,1291,2026-07-31,42,2026-07-31,26,2026-07-31,55,2026-07-31,50,2026-07-31,wmlinks,180.0
myoperator.com,2268548,307747,8,38429,2026-08-05,,,1403,2026-08-05,66,2026-08-05,716,2026-07-31,44,2026-07-31,19,2026-07-31,32,2026-07-31,45,2026-07-31,backlinker,215.0
myprintile.com,2301132,442528,8,6955,2026-08-05,,,796,2026-08-05,55,2026-08-05,383,2026-07-31,38,2026-07-31,15,2026-07-31,28,2026-07-31,35,2026-07-31,wmlinks,100.0
ohoje.com,2167904,118429,8,16325,2026-08-05,,,2071,2026-08-05,52,2026-08-05,1009,2026-07-31,44,2026-07-31,24,2026-07-31,49,2026-07-31,43,2026-07-31,collaborator,125.0
optimisticmommy.com,2112166,22224,8,16635,2026-08-05,,,3034,2026-08-05,51,2026-08-05,1625,2026-07-31,43,2026-07-31,28,2026-07-31,40,2026-07-31,52,2026-07-31,needmylink,112.0
passeidireto.com,2379319,564572,8,211447,2026-08-05,,,6224,2026-08-05,59,2026-08-05,2430,2026-07-31,32,2026-07-31,34,2026-07-31,65,2026-07-31,52,2026-07-31,backlinker,110.0
pwinsider.com,2117555,31719,8,11132,2026-08-05,,,8186,2026-08-05,59,2026-08-05,3024,2026-07-31,43,2026-07-31,51,2026-07-31,65,2026-07-31,55,2026-07-31,backlinker,110.0
refrens.com,2301789,443244,8,144447,2026-08-05,,,3103,2026-08-05,76,2026-08-05,2110,2026-07-31,48,2026-07-31,25,2026-07-31,37,2026-07-31,46,2026-07-31,backlinker,195.0
siliconindia.com,2112517,22809,8,9034,2026-08-05,,,7870,2026-08-05,77,2026-08-05,5325,2026-07-31,35,2026-07-31,39,2026-07-31,62,2026-07-31,53,2026-07-31,collaborator,150.0
skrastas.lt,2174523,128213,8,5801,2026-08-05,,,1633,2026-08-05,52,2026-08-05,1053,2026-07-31,42,2026-07-31,50,2026-07-31,34,2026-07-31,46,2026-07-31,prnews,150.0
spacedaily.com,2173728,127336,8,25984,2026-08-05,,,12398,2026-08-05,73,2026-08-05,7526,2026-07-31,61,2026-07-31,65,2026-07-31,69,2026-07-31,54,2026-07-31,wmlinks,230.0
theautochannel.com,2187853,145429,8,38988,2026-08-05,,,6709,2026-08-05,62,2026-08-05,3178,2026-07-31,44,2026-07-31,62,2026-07-31,67,2026-07-31,54,2026-07-31,wmlinks,225.0
top40-charts.com,2116549,29895,8,5277,2026-08-05,,,4545,2026-08-05,59,2026-08-05,2203,2026-07-31,56,2026-07-31,53,2026-07-31,58,2026-07-31,52,2026-07-31,wmlinks,155.0
traveltweaks.com,2116554,29901,8,74344,2026-08-05,,,5405,2026-08-05,69,2026-08-05,1126,2026-07-31,40,2026-07-31,29,2026-07-31,35,2026-07-31,50,2026-07-31,wmlinks,115.0
vaizle.com,2159481,106953,8,170237,2026-08-05,,,1,2026-08-05,58,2026-08-05,874,2026-07-31,43,2026-07-31,25,2026-07-31,35,2026-07-31,46,2026-07-31,wmlinks,250.0
washingtonbeerblog.com,2272923,313286,8,12704,2026-08-05,,,5722,2026-08-05,55,2026-08-05,1945,2026-07-31,37,2026-07-31,36,2026-07-31,53,2026-07-31,47,2026-07-31,needmylink,121.0
weraveyou.com,2129512,48864,8,18051,2026-08-05,,,3057,2026-08-05,64,2026-08-05,1875,2026-07-31,35,2026-07-31,27,2026-07-31,56,2026-07-31,52,2026-07-31,wmlinks,190.0
zerohedge.com,2165321,115117,8,461417,2026-08-05,,,38757,2026-08-05,80,2026-08-05,25331,2026-07-31,73,2026-07-31,47,2026-07-31,84,2026-07-31,64,2026-07-31,backlinker,175.0
amazingarchitecture.com,2153968,98080,8,14970,2026-08-05,,,6806,2026-08-05,71,2026-08-05,2683,2026-07-31,47,2026-07-31,30,2026-07-31,48,2026-07-31,50,2026-07-31,wmlinks,140.0
ampliz.com,2229921,211272,8,7042,2026-08-05,,,3197,2026-08-05,58,2026-08-05,1120,2026-07-31,42,2026-07-31,21,2026-07-31,39,2026-07-31,47,2026-07-31,wmlinks,229.0
artsyltech.com,2244170,233880,8,6237,2026-08-05,,,2021,2026-08-05,71,2026-08-05,1259,2026-07-31,35,2026-07-31,24,2026-07-31,56,2026-07-31,40,2026-07-31,wmlinks,155.0
askmebazaar.com,2196111,155709,8,6019,2026-08-05,,,662,2026-08-05,70,2026-08-05,337,2026-07-31,39,2026-07-31,17,2026-07-31,65,2026-07-31,40,2026-07-31,collaborator,145.0
bestforandroid.com,2171932,125344,8,155126,2026-08-05,,,6654,2026-08-05,51,2026-08-05,1702,2026-07-31,45,2026-07-31,28,2026-07-31,48,2026-07-31,51,2026-07-31,prnews,194.0
bestsellingcarsblog.com,2110648,19735,8,25610,2026-08-05,,,4130,2026-08-05,52,2026-08-05,1441,2026-07-31,50,2026-07-31,24,2026-07-31,57,2026-07-31,53,2026-07-31,wmlinks,225.0
bjjee.com,2145089,82794,8,10230,2026-08-05,,,4975,2026-08-05,57,2026-08-05,1624,2026-07-31,39,2026-07-31,25,2026-07-31,57,2026-07-31,50,2026-07-31,prnews,150.0
bookvibe.com,2373065,555507,8,55720,2026-08-05,,,3599,2026-08-05,71,2026-08-05,1239,2026-07-31,43,2026-07-31,22,2026-07-31,39,2026-07-31,40,2026-07-31,collaborator,150.0
clinicalgate.com,2246575,236957,8,5116,2026-08-05,,,1621,2026-08-05,54,2026-08-05,1023,2026-07-31,42,2026-07-31,25,2026-07-31,48,2026-07-31,49,2026-07-31,wmlinks,205.0
colourlovers.com,2140642,71177,8,15880,2026-08-05,,,16004,2026-08-05,81,2026-08-05,8682,2026-07-31,48,2026-07-31,33,2026-07-31,82,2026-07-31,64,2026-07-31,collaborator,100.0
creative-tim.com,2192919,151154,8,19224,2026-08-05,,,9088,2026-08-05,83,2026-08-05,5616,2026-07-31,56,2026-07-31,38,2026-07-31,62,2026-07-31,54,2026-07-31,backlinker,215.0
crypticstreet.com,2193080,151323,8,10515,2026-08-05,,,1944,2026-08-05,56,2026-08-05,1008,2026-07-31,39,2026-07-31,6,2026-07-31,29,2026-07-31,41,2026-07-31,whitehatlinks,105.0
dailytrust.com,2134929,55552,8,99070,2026-08-05,,,12009,2026-08-05,74,2026-08-05,5674,2026-07-31,54,2026-07-31,32,2026-07-31,75,2026-07-31,57,2026-07-31,prnews,195.0
deperu.com,2267883,306932,8,6777,2026-08-05,,,2883,2026-08-05,56,2026-08-05,1677,2026-07-31,45,2026-07-31,47,2026-07-31,67,2026-07-31,51,2026-07-31,wmlinks,201.0
digitalnewsalerts.com,2193068,151310,8,11449,2026-08-05,,,1258,2026-08-05,58,2026-08-05,593,2026-07-31,34,2026-07-31,17,2026-07-31,26,2026-07-31,37,2026-07-31,prnews,182.0
disabilityhorizons.com,2291465,426211,8,5570,2026-08-05,,,2180,2026-08-05,60,2026-08-05,1413,2026-07-31,50,2026-07-31,30,2026-07-31,54,2026-07-31,50,2026-07-31,collaborator,215.0
feedinco.com,2198037,158794,8,589664,2026-08-05,,,7264,2026-08-05,52,2026-08-05,3388,2026-07-31,52,2026-07-31,26,2026-07-31,39,2026-07-31,49,2026-07-31,backlinker,153.0
fightful.com,2142620,77562,8,203107,2026-08-05,,,7894,2026-08-05,61,2026-08-05,3628,2026-07-31,53,2026-07-31,28,2026-07-31,63,2026-07-31,54,2026-07-31,wmlinks,230.0
fightnights.com,2125367,43412,8,12979,2026-08-05,,,1083,2026-08-05,52,2026-08-05,591,2026-07-31,39,2026-07-31,45,2026-07-31,39,2026-07-31,48,2026-07-31,wmlinks,185.0
ghanasoccernet.com,2115378,28354,8,451808,2026-08-05,,,10117,2026-08-05,66,2026-08-05,5229,2026-07-31,63,2026-07-31,53,2026-07-31,77,2026-07-31,58,2026-07-31,wmlinks,180.0
hometriangle.com,2195716,155268,8,88724,2026-08-05,,,1379,2026-08-05,55,2026-08-05,644,2026-07-31,38,2026-07-31,23,2026-07-31,31,2026-07-31,50,2026-07-31,wmlinks,115.0
hrcloud.com,2153977,98093,8,21319,2026-08-05,,,3840,2026-08-05,74,2026-08-05,2417,2026-07-31,48,2026-07-31,28,2026-07-31,47,2026-07-31,48,2026-07-31,wmlinks,180.0
hstoday.us,2266056,261613,8,19346,2026-08-05,,,9637,2026-08-05,73,2026-08-05,4749,2026-07-31,29,2026-07-31,30,2026-07-31,61,2026-07-31,52,2026-07-31,wmlinks,130.0
imagineergames.com,2270634,310915,8,43019,2026-08-05,,,1815,2026-08-05,59,2026-08-05,673,2026-07-31,39,2026-07-31,16,2026-07-31,30,2026-07-31,41,2026-07-31,wmlinks,110.0
kenresearch.com,2239695,227976,8,5485,2026-08-05,,,6845,2026-08-05,71,2026-08-05,2996,2026-07-31,51,2026-07-31,26,2026-07-31,49,2026-07-31,49,2026-07-31,backlinker,177.0
madnix.com,2285428,336079,8,61619,2026-08-05,,,4005,2026-08-05,60,2026-08-05,1193,2026-07-31,31,2026-07-31,25,2026-07-31,41,2026-07-31,38,2026-07-31,backlinker,149.0
mamboserver.com,2195917,155489,8,7205,2026-08-05,,,3289,2026-08-05,73,2026-08-05,3006,2026-07-31,42,2026-07-31,37,2026-07-31,51,2026-07-31,54,2026-07-31,wmlinks,230.0
meeplemountain.com,2239885,228236,8,40343,2026-08-05,,,4712,2026-08-05,55,2026-08-05,1345,2026-07-31,31,2026-07-31,27,2026-07-31,40,2026-07-31,48,2026-07-31,backlinker,205.0
myvipon.com,2210993,177697,8,12228,2026-08-05,,,14625,2026-08-05,65,2026-08-05,2588,2026-07-31,50,2026-07-31,21,2026-07-31,46,2026-07-31,50,2026-07-31,whitehatlinks,138.0
observerbd.com,2358623,535899,8,12181,2026-08-05,,,5766,2026-08-05,71,2026-08-05,2455,2026-07-31,35,2026-07-31,28,2026-07-31,55,2026-07-31,50,2026-07-31,collaborator,250.0
pctechmag.com,2115526,28531,8,8330,2026-08-05,,,2581,2026-08-05,57,2026-08-05,1753,2026-07-31,47,2026-07-31,30,2026-07-31,57,2026-07-31,50,2026-07-31,needmylink,118.0
pixpa.com,2145310,83099,8,31714,2026-08-05,,,12739,2026-08-05,84,2026-08-05,8841,2026-07-31,41,2026-07-31,35,2026-07-31,56,2026-07-31,55,2026-07-31,wmlinks,180.0
selfcad.com,2275817,317015,8,14574,2026-08-05,,,4063,2026-08-05,56,2026-08-05,1258,2026-07-31,38,2026-07-31,23,2026-07-31,56,2026-07-31,48,2026-07-31,needmylink,136.0
skymetweather.com,2167791,118267,8,2064128,2026-08-05,,,5227,2026-08-05,55,2026-08-05,1504,2026-07-31,38,2026-07-31,24,2026-07-31,56,2026-07-31,51,2026-07-31,wmlinks,135.0
sugarspiceandglitter.com,2163324,112685,8,49751,2026-08-05,,,2731,2026-08-05,58,2026-08-05,1718,2026-07-31,48,2026-07-31,26,2026-07-31,56,2026-07-31,53,2026-07-31,collaborator,200.0
superjumpmagazine.com,2153937,98044,8,9958,2026-08-05,,,3292,2026-08-05,50,2026-08-05,964,2026-07-31,39,2026-07-31,27,2026-07-31,44,2026-07-31,46,2026-07-31,collaborator,199.0
technologycounter.com,2154949,99219,8,15388,2026-08-05,,,4669,2026-08-05,51,2026-08-05,1477,2026-07-31,33,2026-07-31,29,2026-07-31,45,2026-07-31,50,2026-07-31,backlinker,135.0
tekedia.com,2119199,34056,8,5271,2026-08-05,,,9476,2026-08-05,62,2026-08-05,4031,2026-07-31,48,2026-07-31,23,2026-07-31,45,2026-07-31,50,2026-07-31,needmylink,142.0
thecryptobasic.com,2161201,109546,8,17519,2026-08-05,,,4589,2026-08-05,64,2026-08-05,3364,2026-07-31,37,2026-07-31,26,2026-07-31,43,2026-07-31,53,2026-07-31,needmylink,136.0
thediplomatinspain.com,2160775,108851,8,5661,2026-08-05,,,2937,2026-08-05,52,2026-08-05,1837,2026-07-31,47,2026-07-31,33,2026-07-31,52,2026-07-31,45,2026-07-31,wmlinks,201.0
thegamehaus.com,2148129,91269,8,7063,2026-08-05,,,6557,2026-08-05,53,2026-08-05,2687,2026-07-31,27,2026-07-31,22,2026-07-31,50,2026-07-31,52,2026-07-31,needmylink,230.0
theglobeandmail.com,2171687,125075,8,2933567,2026-08-05,,,113208,2026-08-05,90,2026-08-05,77353,2026-07-31,60,2026-07-31,76,2026-07-31,92,2026-07-31,68,2026-07-31,backlinker,235.0
turizmus.com,2303619,449984,8,19701,2026-08-05,,,2276,2026-08-05,64,2026-08-05,1520,2026-07-31,37,2026-07-31,28,2026-07-31,47,2026-07-31,48,2026-07-31,prnews,225.0
uaportal.com,2114740,26728,8,17601,2026-08-05,,,3022,2026-08-05,53,2026-08-05,1792,2026-07-31,38,2026-07-31,36,2026-07-31,53,2026-07-31,50,2026-07-31,collaborator,163.0
wakelet.com,2090982,89181,8,43321,2026-08-05,,,87096,2026-08-05,85,2026-08-05,40315,2026-07-31,76,2026-07-31,38,2026-07-31,74,2026-07-31,68,2026-07-31,prnews,137.0
webtosociety.com,2269848,309869,8,47407,2026-08-05,,,2250,2026-08-05,63,2026-08-05,807,2026-07-31,39,2026-07-31,22,2026-07-31,28,2026-07-31,37,2026-07-31,wmlinks,100.0
youngpioneertours.com,2141337,72304,8,75129,2026-08-05,,,5883,2026-08-05,55,2026-08-05,2167,2026-07-31,29,2026-07-31,24,2026-07-31,78,2026-07-31,49,2026-07-31,needmylink,151.0
24-7pressrelease.com,2241200,230133,8,15442,2026-08-05,,,14082,2026-08-05,80,2026-08-05,7393,2026-07-31,62,2026-07-31,61,2026-07-31,70,2026-07-31,57,2026-07-31,collaborator,151.0
acidcow.com,2128588,47882,8,21214,2026-08-05,,,7355,2026-08-05,53,2026-08-05,3001,2026-07-31,42,2026-07-31,53,2026-07-31,76,2026-07-31,60,2026-07-31,backlinker,110.0
awardsdaily.com,2273725,314511,8,30233,2026-08-05,,,6211,2026-08-05,70,2026-08-05,2717,2026-07-31,40,2026-07-31,29,2026-07-31,67,2026-07-31,52,2026-07-31,backlinker,125.0
bigboxratio.com,2270053,310106,8,33128,2026-08-05,,,1962,2026-08-05,66,2026-08-05,736,2026-07-31,39,2026-07-31,24,2026-07-31,30,2026-07-31,38,2026-07-31,wmlinks,180.0
boloji.com,2154973,99247,8,11455,2026-08-05,,,2261,2026-08-05,54,2026-08-05,1215,2026-07-31,45,2026-07-31,50,2026-07-31,54,2026-07-31,46,2026-07-31,whitehatlinks,172.0
borkena.com,2294320,430095,8,7002,2026-08-05,,,3991,2026-08-05,55,2026-08-05,1383,2026-07-31,31,2026-07-31,25,2026-07-31,50,2026-07-31,48,2026-07-31,wmlinks,210.0
bottlecrunch.com,2370845,551862,8,5448,2026-08-05,,,1244,2026-08-05,57,2026-08-05,629,2026-07-31,32,2026-07-31,12,2026-07-31,27,2026-07-31,34,2026-07-31,prnews,117.0
budsies.com,2122456,38860,8,17373,2026-08-05,,,1549,2026-08-05,50,2026-08-05,848,2026-07-31,41,2026-07-31,20,2026-07-31,59,2026-07-31,48,2026-07-31,wmlinks,180.0
builtinsf.com,2240480,229251,8,57449,2026-08-05,,,4932,2026-08-05,65,2026-08-05,1834,2026-07-31,45,2026-07-31,26,2026-07-31,47,2026-07-31,47,2026-07-31,backlinker,195.0
burlapandblue.com,2267831,306840,8,11227,2026-08-05,,,3680,2026-08-05,51,2026-08-05,1365,2026-07-31,39,2026-07-31,25,2026-07-31,48,2026-07-31,52,2026-07-31,backlinker,115.0
careerindia.com,2244301,234149,8,83560,2026-08-05,,,2132,2026-08-05,50,2026-08-05,1251,2026-07-31,42,2026-07-31,33,2026-07-31,51,2026-07-31,50,2026-07-31,collaborator,188.0
crackstube.com,2141724,73320,8,7666,2026-08-05,,,558,2026-08-05,52,2026-08-05,210,2026-07-31,27,2026-07-31,19,2026-07-31,59,2026-07-31,39,2026-07-31,wmlinks,150.0
cryptopronetwork.com,2193627,151917,8,28573,2026-08-05,,,1739,2026-08-05,60,2026-08-05,688,2026-07-31,35,2026-07-31,16,2026-07-31,25,2026-07-31,40,2026-07-31,whitehatlinks,137.0
cuttingedgepr.com,2357938,534910,8,7633,2026-08-05,,,1255,2026-08-05,54,2026-08-05,688,2026-07-31,23,2026-07-31,24,2026-07-31,43,2026-07-31,42,2026-07-31,whitehatlinks,138.0
decaturdaily.com,2368929,549260,8,8207,2026-08-05,,,4072,2026-08-05,65,2026-08-05,2407,2026-07-31,38,2026-07-31,51,2026-07-31,66,2026-07-31,51,2026-07-31,collaborator,140.0
embedtree.com,2218046,189576,8,5831,2026-08-05,,,1575,2026-08-05,63,2026-08-05,620,2026-07-31,35,2026-07-31,18,2026-07-31,23,2026-07-31,39,2026-07-31,backlinker,105.0
exposmall.com,2270207,310298,8,22890,2026-08-05,,,1599,2026-08-05,59,2026-08-05,685,2026-07-31,39,2026-07-31,20,2026-07-31,29,2026-07-31,35,2026-07-31,needmylink,156.0
fashionisers.com,2117445,31575,8,13308,2026-08-05,,,3173,2026-08-05,57,2026-08-05,2062,2026-07-31,37,2026-07-31,36,2026-07-31,62,2026-07-31,53,2026-07-31,backlinker,115.0
gadgetreview.com,2141432,72516,8,9509,2026-08-05,,,7094,2026-08-05,72,2026-08-05,5730,2026-07-31,51,2026-07-31,55,2026-07-31,66,2026-07-31,56,2026-07-31,wmlinks,160.0
gloriafood.com,2261913,255872,8,22476,2026-08-05,,,4371,2026-08-05,81,2026-08-05,3171,2026-07-31,50,2026-07-31,38,2026-07-31,37,2026-07-31,49,2026-07-31,needmylink,250.0
goonlinetools.com,2195733,155285,8,177788,2026-08-05,,,4550,2026-08-05,55,2026-08-05,1410,2026-07-31,46,2026-07-31,36,2026-07-31,33,2026-07-31,46,2026-07-31,wmlinks,215.0
greenbuildingadvisor.com,2294220,429986,8,83713,2026-08-05,,,5933,2026-08-05,73,2026-08-05,3665,2026-07-31,45,2026-07-31,55,2026-07-31,60,2026-07-31,54,2026-07-31,collaborator,150.0
igbestcaptions.com,2250381,241523,8,9333,2026-08-05,,,886,2026-08-05,71,2026-08-05,381,2026-07-31,36,2026-07-31,17,2026-07-31,57,2026-07-31,41,2026-07-31,collaborator,135.0
instrumentationtools.com,2145217,82996,8,25282,2026-08-05,,,2507,2026-08-05,58,2026-08-05,1447,2026-07-31,62,2026-07-31,25,2026-07-31,50,2026-07-31,54,2026-07-31,wmlinks,100.0
kenyabuzz.com,2211640,178693,8,13473,2026-08-05,,,2527,2026-08-05,54,2026-08-05,941,2026-07-31,45,2026-07-31,51,2026-07-31,47,2026-07-31,47,2026-07-31,wmlinks,105.0
kogniz.com,2372629,555068,8,7588,2026-08-05,,,1712,2026-08-05,64,2026-08-05,986,2026-07-31,39,2026-07-31,18,2026-07-31,31,2026-07-31,39,2026-07-31,prnews,143.0
lawyersclubindia.com,2147337,88998,8,15240,2026-08-05,,,5420,2026-08-05,55,2026-08-05,2671,2026-07-31,42,2026-07-31,25,2026-07-31,50,2026-07-31,50,2026-07-31,wmlinks,180.0
lovehappensmag.com,2170668,123372,8,9387,2026-08-05,,,1939,2026-08-05,58,2026-08-05,1189,2026-07-31,23,2026-07-31,24,2026-07-31,37,2026-07-31,49,2026-07-31,wmlinks,176.0
lowkickmma.com,2125644,43763,8,30857,2026-08-05,,,6186,2026-08-05,61,2026-08-05,2778,2026-07-31,60,2026-07-31,50,2026-07-31,67,2026-07-31,51,2026-07-31,wmlinks,250.0
luxurylifestylemag.co.uk,2119052,33877,8,12833,2026-08-05,,,6514,2026-08-05,71,2026-08-05,2846,2026-07-31,39,2026-07-31,32,2026-07-31,50,2026-07-31,51,2026-07-31,collaborator,225.0
merchantcircle.com,2090861,88955,8,6578,2026-08-05,,,37654,2026-08-05,84,2026-08-05,15490,2026-07-31,41,2026-07-31,35,2026-07-31,79,2026-07-31,62,2026-07-31,backlinker,185.0
mumbailive.com,2163867,113320,8,10416,2026-08-05,,,1993,2026-08-05,56,2026-08-05,1074,2026-07-31,41,2026-07-31,26,2026-07-31,48,2026-07-31,48,2026-07-31,wmlinks,145.0
nagalandpost.com,2154131,98276,8,7442,2026-08-05,,,2108,2026-08-05,57,2026-08-05,1750,2026-07-31,40,2026-07-31,48,2026-07-31,50,2026-07-31,48,2026-07-31,wmlinks,130.0
onlineclothingstudy.com,2126538,44898,8,13617,2026-08-05,,,1110,2026-08-05,52,2026-08-05,693,2026-07-31,38,2026-07-31,23,2026-07-31,35,2026-07-31,45,2026-07-31,whitehatlinks,126.0
pierreblake.com,2249595,240497,8,22624,2026-08-05,,,3040,2026-08-05,59,2026-08-05,611,2026-07-31,28,2026-07-31,18,2026-07-31,67,2026-07-31,43,2026-07-31,backlinker,200.0
pixteller.com,2379727,564989,8,26560,2026-08-05,,,3478,2026-08-05,55,2026-08-05,1107,2026-07-31,40,2026-07-31,32,2026-07-31,44,2026-07-31,53,2026-07-31,wmlinks,125.0
playercounter.com,2244620,234611,8,17812,2026-08-05,,,1839,2026-08-05,64,2026-08-05,879,2026-07-31,43,2026-07-31,22,2026-07-31,48,2026-07-31,47,2026-07-31,prnews,195.0
riotimesonline.com,2176060,129997,8,6954,2026-08-05,,,9800,2026-08-05,73,2026-08-05,5919,2026-07-31,45,2026-07-31,42,2026-07-31,66,2026-07-31,56,2026-07-31,whitehatlinks,206.0
stakegains.com,2156265,100737,8,40754,2026-08-05,,,3574,2026-08-05,71,2026-08-05,915,2026-07-31,40,2026-07-31,20,2026-07-31,58,2026-07-31,45,2026-07-31,whitehatlinks,138.0
strikingly.com,2090648,80,8,54086,2026-08-05,,,77818,2026-08-05,90,2026-08-05,63164,2026-07-31,55,2026-07-31,45,2026-07-31,86,2026-07-31,66,2026-07-31,backlinker,110.0
successconsciousness.com,2118841,33524,8,9332,2026-08-05,,,2676,2026-08-05,65,2026-08-05,1671,2026-07-31,47,2026-07-31,54,2026-07-31,52,2026-07-31,50,2026-07-31,wmlinks,140.0
tagaloglang.com,2272538,312884,8,46848,2026-08-05,,,2853,2026-08-05,55,2026-08-05,1846,2026-07-31,31,2026-07-31,32,2026-07-31,53,2026-07-31,50,2026-07-31,wmlinks,250.0
talkandroid.com,2176436,130415,8,10961,2026-08-05,,,8052,2026-08-05,67,2026-08-05,3417,2026-07-31,36,2026-07-31,35,2026-07-31,76,2026-07-31,53,2026-07-31,wmlinks,155.0
tapni.com,2379663,564923,8,5539,2026-08-05,,,3572,2026-08-05,71,2026-08-05,1018,2026-07-31,44,2026-07-31,25,2026-07-31,34,2026-07-31,38,2026-07-31,wmlinks,180.0
thearchitectsdiary.com,2118511,33071,8,102954,2026-08-05,,,2957,2026-08-05,69,2026-08-05,2018,2026-07-31,45,2026-07-31,29,2026-07-31,41,2026-07-31,53,2026-07-31,needmylink,221.0
thegww.com,2145223,83002,8,12633,2026-08-05,,,4565,2026-08-05,63,2026-08-05,2329,2026-07-31,48,2026-07-31,34,2026-07-31,67,2026-07-31,51,2026-07-31,needmylink,149.0
themovieblog.com,2120797,36383,8,5942,2026-08-05,,,3867,2026-08-05,56,2026-08-05,2546,2026-07-31,49,2026-07-31,56,2026-07-31,61,2026-07-31,53,2026-07-31,backlinker,125.0
thetimesnews.com,2215903,184816,8,6082,2026-08-05,,,3322,2026-08-05,63,2026-08-05,2002,2026-07-31,37,2026-07-31,49,2026-07-31,66,2026-07-31,49,2026-07-31,prnews,143.0
timesdaily.com,2378679,563857,8,35843,2026-08-05,,,4695,2026-08-05,66,2026-08-05,2880,2026-07-31,38,2026-07-31,51,2026-07-31,67,2026-07-31,51,2026-07-31,collaborator,150.0
tooxclusive.com,2153691,97717,8,46219,2026-08-05,,,2276,2026-08-05,51,2026-08-05,1530,2026-07-31,50,2026-07-31,20,2026-07-31,51,2026-07-31,56,2026-07-31,wmlinks,130.0
vinetur.com,2149084,92346,8,8252,2026-08-05,,,3152,2026-08-05,68,2026-08-05,1667,2026-07-31,51,2026-07-31,50,2026-07-31,55,2026-07-31,48,2026-07-31,prnews,225.0
writecream.com,2379704,564964,8,25124,2026-08-05,,,5433,2026-08-05,72,2026-08-05,2530,2026-07-31,48,2026-07-31,27,2026-07-31,37,2026-07-31,48,2026-07-31,wmlinks,200.0
allhiphop.com,2116974,30781,8,16266,2026-08-05,,,11386,2026-08-05,73,2026-08-05,6106,2026-07-31,58,2026-07-31,28,2026-07-31,74,2026-07-31,61,2026-07-31,collaborator,100.0
asianmoviepulse.com,2121709,37747,8,22161,2026-08-05,,,6058,2026-08-05,67,2026-08-05,2424,2026-07-31,38,2026-07-31,33,2026-07-31,57,2026-07-31,51,2026-07-31,needmylink,102.0
bracegaming.com,2270922,311217,8,5264,2026-08-05,,,1119,2026-08-05,52,2026-08-05,445,2026-07-31,37,2026-07-31,15,2026-07-31,18,2026-07-31,41,2026-07-31,whitehatlinks,110.0
builtinnyc.com,2159720,107336,8,261277,2026-08-05,,,6179,2026-08-05,72,2026-08-05,2857,2026-07-31,45,2026-07-31,31,2026-07-31,55,2026-07-31,50,2026-07-31,wmlinks,216.0
cm-alliance.com,2177584,131762,8,16036,2026-08-05,,,3020,2026-08-05,69,2026-08-05,2107,2026-07-31,49,2026-07-31,25,2026-07-31,46,2026-07-31,45,2026-07-31,wmlinks,215.0
cocodoc.com,2273919,314739,8,22615,2026-08-05,,,2413,2026-08-05,55,2026-08-05,1681,2026-07-31,35,2026-07-31,21,2026-07-31,42,2026-07-31,52,2026-07-31,wmlinks,200.0
cocosign.com,2273983,314810,8,149740,2026-08-05,,,1671,2026-08-05,54,2026-08-05,1147,2026-07-31,43,2026-07-31,24,2026-07-31,39,2026-07-31,51,2026-07-31,backlinker,205.0
comicbasics.com,2244555,234505,8,21329,2026-08-05,,,3965,2026-08-05,74,2026-08-05,1566,2026-07-31,54,2026-07-31,25,2026-07-31,48,2026-07-31,48,2026-07-31,needmylink,135.0
dailycannon.com,2121555,37523,8,37117,2026-08-05,,,5652,2026-08-05,56,2026-08-05,2107,2026-07-31,51,2026-07-31,26,2026-07-31,62,2026-07-31,52,2026-07-31,backlinker,235.0
dailyemerald.com,2267792,306801,8,6254,2026-08-05,,,7257,2026-08-05,69,2026-08-05,2953,2026-07-31,39,2026-07-31,48,2026-07-31,63,2026-07-31,52,2026-07-31,needmylink,191.0
dailyiowan.com,2144150,81396,8,9283,2026-08-05,,,7109,2026-08-05,72,2026-08-05,4600,2026-07-31,41,2026-07-31,44,2026-07-31,72,2026-07-31,55,2026-07-31,wmlinks,180.0
dailynewshungary.com,2116055,29237,8,12696,2026-08-05,,,9723,2026-08-05,71,2026-08-05,5813,2026-07-31,46,2026-07-31,29,2026-07-31,67,2026-07-31,57,2026-07-31,prnews,165.0
dochipo.com,2273920,314740,8,26797,2026-08-05,,,1151,2026-08-05,64,2026-08-05,762,2026-07-31,43,2026-07-31,22,2026-07-31,33,2026-07-31,44,2026-07-31,collaborator,250.0
effectivelaws.com,2372311,554711,8,15989,2026-08-05,,,723,2026-08-05,59,2026-08-05,302,2026-07-31,29,2026-07-31,14,2026-07-31,41,2026-07-31,38,2026-07-31,wmlinks,100.0
famousparenting.com,2102362,555,8,12388,2026-08-05,,,5508,2026-08-05,71,2026-08-05,1120,2026-07-31,35,2026-07-31,24,2026-07-31,34,2026-07-31,46,2026-07-31,collaborator,115.0
fylehq.com,2322871,475372,8,34626,2026-08-05,,,3053,2026-08-05,71,2026-08-05,2218,2026-07-31,48,2026-07-31,25,2026-07-31,38,2026-07-31,48,2026-07-31,backlinker,235.0
gadgetfreeks.com,2132928,53272,8,108355,2026-08-05,,,932,2026-08-05,50,2026-08-05,679,2026-07-31,34,2026-07-31,23,2026-07-31,36,2026-07-31,49,2026-07-31,needmylink,150.0
gamespew.com,2154274,98434,8,102951,2026-08-05,,,4070,2026-08-05,59,2026-08-05,1912,2026-07-31,33,2026-07-31,24,2026-07-31,63,2026-07-31,52,2026-07-31,wmlinks,230.0
imageupscaler.com,2133379,53805,8,477828,2026-08-05,,,2375,2026-08-05,53,2026-08-05,1438,2026-07-31,45,2026-07-31,30,2026-07-31,35,2026-07-31,50,2026-07-31,wmlinks,150.0
jivochat.es,2212894,180130,8,11184,2026-08-05,,,1111,2026-08-05,57,2026-08-05,692,2026-07-31,46,2026-07-31,22,2026-07-31,33,2026-07-31,41,2026-07-31,collaborator,200.0
landlordtoday.co.uk,2121871,37996,8,49015,2026-08-05,,,1894,2026-08-05,67,2026-08-05,1154,2026-07-31,20,2026-07-31,28,2026-07-31,42,2026-07-31,46,2026-07-31,needmylink,209.0
lb.kompass.com,2209270,175329,8,16041,2026-08-05,,,4017,2026-08-05,77,2026-08-05,1213,2026-07-31,20,2026-07-31,29,2026-07-31,68,2026-07-31,50,2026-07-31,collaborator,109.0
lyncconf.com,2132305,52490,8,5197,2026-08-05,,,7753,2026-08-05,70,2026-08-05,1613,2026-07-31,41,2026-07-31,24,2026-07-31,59,2026-07-31,51,2026-07-31,needmylink,146.0
madeintext.com,2214291,182637,8,16007,2026-08-05,,,2756,2026-08-05,51,2026-08-05,430,2026-07-31,41,2026-07-31,34,2026-07-31,26,2026-07-31,44,2026-07-31,wmlinks,190.0
mid-day.com,2141344,72318,8,251047,2026-08-05,,,20474,2026-08-05,80,2026-08-05,12572,2026-07-31,53,2026-07-31,58,2026-07-31,85,2026-07-31,60,2026-07-31,prnews,170.0
netlingo.com,2154352,98529,8,15719,2026-08-05,,,7684,2026-08-05,71,2026-08-05,3540,2026-07-31,51,2026-07-31,68,2026-07-31,61,2026-07-31,51,2026-07-31,wmlinks,180.0
northjersey.com,2210649,177183,8,228767,2026-08-05,,,28558,2026-08-05,82,2026-08-05,17601,2026-07-31,48,2026-07-31,35,2026-07-31,84,2026-07-31,62,2026-07-31,collaborator,200.0
pearltrees.com,2091047,89301,8,255102,2026-08-05,,,63903,2026-08-05,78,2026-08-05,25943,2026-07-31,56,2026-07-31,39,2026-07-31,86,2026-07-31,65,2026-07-31,backlinker,110.0
pitchero.com,2125252,43266,8,151801,2026-08-05,,,11023,2026-08-05,78,2026-08-05,5296,2026-07-31,39,2026-07-31,43,2026-07-31,66,2026-07-31,59,2026-07-31,backlinker,135.0
postgrid.com,2307231,458115,8,16238,2026-08-05,,,3230,2026-08-05,73,2026-08-05,1683,2026-07-31,34,2026-07-31,25,2026-07-31,37,2026-07-31,47,2026-07-31,wmlinks,200.0
projectnursery.com,2273791,314589,8,26353,2026-08-05,,,5274,2026-08-05,66,2026-08-05,2938,2026-07-31,39,2026-07-31,24,2026-07-31,66,2026-07-31,59,2026-07-31,backlinker,120.0
puzutask.com,2151858,95466,8,20125,2026-08-05,,,1288,2026-08-05,71,2026-08-05,297,2026-07-31,28,2026-07-31,9,2026-07-31,59,2026-07-31,43,2026-07-31,prnews,169.0
realestatemarket.us.com,2322772,475263,8,20369,2026-08-05,,,3201,2026-08-05,92,2026-08-05,747,2026-07-31,6,2026-07-31,14,2026-07-31,33,2026-07-31,54,2026-07-31,wmlinks,180.0
safesearchkids.com,2170597,123282,8,9424,2026-08-05,,,2155,2026-08-05,68,2026-08-05,1333,2026-07-31,46,2026-07-31,29,2026-07-31,52,2026-07-31,49,2026-07-31,collaborator,100.0
savingadvice.com,2112577,22906,8,8403,2026-08-05,,,5791,2026-08-05,66,2026-08-05,2549,2026-07-31,51,2026-07-31,55,2026-07-31,64,2026-07-31,52,2026-07-31,collaborator,200.0
schoolunzip.com,2297837,434312,8,32129,2026-08-05,,,579,2026-08-05,52,2026-08-05,144,2026-07-31,22,2026-07-31,19,2026-07-31,58,2026-07-31,39,2026-07-31,wmlinks,110.0
shopnaclo.com,2269844,309865,8,5145,2026-08-05,,,1639,2026-08-05,60,2026-08-05,749,2026-07-31,37,2026-07-31,26,2026-07-31,33,2026-07-31,35,2026-07-31,needmylink,105.0
speakerhub.com,2155171,99481,8,8361,2026-08-05,,,5339,2026-08-05,72,2026-08-05,2478,2026-07-31,39,2026-07-31,27,2026-07-31,50,2026-07-31,52,2026-07-31,wmlinks,185.0
tech4gamers.com,2154049,98180,8,32441,2026-08-05,,,5442,2026-08-05,58,2026-08-05,2694,2026-07-31,47,2026-07-31,29,2026-07-31,63,2026-07-31,52,2026-07-31,backlinker,235.0
thatericalper.com,2118739,33384,8,5998,2026-08-05,,,6434,2026-08-05,61,2026-08-05,2679,2026-07-31,44,2026-07-31,34,2026-07-31,59,2026-07-31,51,2026-07-31,collaborator,100.0
thedesperateblogger.com,2359466,537123,8,5862,2026-08-05,,,952,2026-08-05,53,2026-08-05,318,2026-07-31,31,2026-07-31,7,2026-07-31,28,2026-07-31,31,2026-07-31,prnews,104.0
thefashionisto.com,2117481,31621,8,67651,2026-08-05,,,4565,2026-08-05,66,2026-08-05,2503,2026-07-31,47,2026-07-31,50,2026-07-31,74,2026-07-31,60,2026-07-31,needmylink,128.0
theindianwire.com,2112615,22970,8,7260,2026-08-05,,,1573,2026-08-05,60,2026-08-05,929,2026-07-31,35,2026-07-31,24,2026-07-31,55,2026-07-31,48,2026-07-31,backlinker,247.0
thunderonthegulf.com,2270210,310301,8,26706,2026-08-05,,,1731,2026-08-05,64,2026-08-05,881,2026-07-31,41,2026-07-31,20,2026-07-31,28,2026-07-31,36,2026-07-31,needmylink,104.0
tradersdna.com,2116552,29899,8,26340,2026-08-05,,,3813,2026-08-05,82,2026-08-05,874,2026-07-31,48,2026-07-31,25,2026-07-31,59,2026-07-31,44,2026-07-31,wmlinks,105.0
typesy.com,2322782,475274,8,26001,2026-08-05,,,2807,2026-08-05,50,2026-08-05,734,2026-07-31,41,2026-07-31,28,2026-07-31,38,2026-07-31,45,2026-07-31,wmlinks,200.0
viberate.com,2372652,555091,8,133226,2026-08-05,,,7488,2026-08-05,65,2026-08-05,3588,2026-07-31,52,2026-07-31,32,2026-07-31,57,2026-07-31,48,2026-07-31,wmlinks,180.0
warcrafttavern.com,2250386,241528,8,69251,2026-08-05,,,4800,2026-08-05,56,2026-08-05,2149,2026-07-31,60,2026-07-31,47,2026-07-31,46,2026-07-31,49,2026-07-31,backlinker,120.0
worldwidesciencestories.com,2249401,240222,8,26316,2026-08-05,,,1253,2026-08-05,73,2026-08-05,269,2026-07-31,39,2026-07-31,28,2026-07-31,47,2026-07-31,52,2026-07-31,whitehatlinks,105.0
xxbrits.uk,2371036,552133,8,43512,2026-08-05,,,492,2026-08-05,71,2026-08-05,274,2026-07-31,45,2026-07-31,18,2026-07-31,62,2026-07-31,40,2026-07-31,wmlinks,130.0
aps.com,2284837,334067,8,111425,2026-08-05,,,5989,2026-08-05,73,2026-08-05,2745,2026-07-31,48,2026-07-31,61,2026-07-31,59,2026-07-31,53,2026-07-31,backlinker,185.0
articoolo.com,2374944,558446,8,18009,2026-08-05,,,2470,2026-08-05,70,2026-08-05,1106,2026-07-31,39,2026-07-31,23,2026-07-31,42,2026-07-31,49,2026-07-31,wmlinks,140.0
blogwpthemes.com,2256914,249652,8,9668,2026-08-05,,,492,2026-08-05,59,2026-08-05,128,2026-07-31,21,2026-07-31,12,2026-07-31,56,2026-07-31,40,2026-07-31,backlinker,135.0
boringmagazine.com,2369429,549850,8,17178,2026-08-05,,,1185,2026-08-05,77,2026-08-05,305,2026-07-31,37,2026-07-31,30,2026-07-31,41,2026-07-31,42,2026-07-31,whitehatlinks,138.0
ceocolumn.com,2249464,240298,8,33702,2026-08-05,,,4139,2026-08-05,81,2026-08-05,854,2026-07-31,48,2026-07-31,38,2026-07-31,55,2026-07-31,48,2026-07-31,backlinker,135.0
chandigarhmetro.com,2122076,38298,8,87871,2026-08-05,,,1515,2026-08-05,61,2026-08-05,908,2026-07-31,37,2026-07-31,21,2026-07-31,42,2026-07-31,50,2026-07-31,collaborator,160.0
coinmarketcap.com,2172584,126039,8,23902434,2026-08-05,,,80747,2026-08-05,90,2026-08-05,54437,2026-07-31,71,2026-07-31,86,2026-07-31,91,2026-07-31,75,2026-07-31,prnews,118.0
container-news.com,2148189,91338,8,11318,2026-08-05,,,2994,2026-08-05,66,2026-08-05,2091,2026-07-31,40,2026-07-31,27,2026-07-31,46,2026-07-31,49,2026-07-31,prnews,210.0
dispatch.com,2210624,177149,8,333499,2026-08-05,,,36740,2026-08-05,83,2026-08-05,23980,2026-07-31,43,2026-07-31,47,2026-07-31,82,2026-07-31,61,2026-07-31,collaborator,130.0
enthrallinggumption.com,2371131,553476,8,16622,2026-08-05,,,2974,2026-08-05,55,2026-08-05,1672,2026-07-31,56,2026-07-31,23,2026-07-31,64,2026-07-31,43,2026-07-31,wmlinks,130.0
etvbharat.com,2193176,151432,8,1089785,2026-08-05,,,7562,2026-08-05,75,2026-08-05,5031,2026-07-31,36,2026-07-31,26,2026-07-31,54,2026-07-31,49,2026-07-31,collaborator,241.0
everybodywiki.com,2290341,353805,8,117720,2026-08-05,,,16606,2026-08-05,76,2026-08-05,8035,2026-07-31,44,2026-07-31,36,2026-07-31,54,2026-07-31,53,2026-07-31,prnews,144.0
fibre2fashion.com,2118759,33411,8,22752,2026-08-05,,,1,2026-08-05,77,2026-08-05,6976,2026-07-31,56,2026-07-31,60,2026-07-31,65,2026-07-31,56,2026-07-31,backlinker,235.0
filmyzillah.com,2327584,483621,8,7232,2026-08-05,,,1025,2026-08-05,53,2026-08-05,364,2026-07-31,39,2026-07-31,12,2026-07-31,15,2026-07-31,31,2026-07-31,needmylink,127.0
fintechzoom.com,2170303,122899,8,988079,2026-08-05,,,10327,2026-08-05,64,2026-08-05,3486,2026-07-31,51,2026-07-31,30,2026-07-31,64,2026-07-31,58,2026-07-31,needmylink,211.0
flevy.com,2118456,32979,8,8097,2026-08-05,,,2088,2026-08-05,57,2026-08-05,1538,2026-07-31,49,2026-07-31,27,2026-07-31,46,2026-07-31,50,2026-07-31,wmlinks,225.0
g15tools.com,2154461,98657,8,5863,2026-08-05,,,2303,2026-08-05,63,2026-08-05,1084,2026-07-31,38,2026-07-31,20,2026-07-31,56,2026-07-31,44,2026-07-31,backlinker,105.0
hometalk.com,2173172,126697,8,42181,2026-08-05,,,28900,2026-08-05,75,2026-08-05,13512,2026-07-31,48,2026-07-31,30,2026-07-31,81,2026-07-31,61,2026-07-31,backlinker,150.0
hometownstation.com,2115527,28532,8,19238,2026-08-05,,,6826,2026-08-05,68,2026-08-05,2427,2026-07-31,31,2026-07-31,36,2026-07-31,65,2026-07-31,52,2026-07-31,needmylink,167.0
increditools.com,2153320,97251,8,5367,2026-08-05,,,2599,2026-08-05,70,2026-08-05,1915,2026-07-31,21,2026-07-31,24,2026-07-31,45,2026-07-31,50,2026-07-31,collaborator,249.0
insuranceopedia.com,2266605,262500,8,46115,2026-08-05,,,2701,2026-08-05,60,2026-08-05,1340,2026-07-31,35,2026-07-31,26,2026-07-31,44,2026-07-31,46,2026-07-31,wmlinks,230.0
labradortime.com,2238303,223925,8,5122,2026-08-05,,,1384,2026-08-05,50,2026-08-05,589,2026-07-31,32,2026-07-31,19,2026-07-31,26,2026-07-31,35,2026-07-31,whitehatlinks,110.0
learnsql.com,2307699,458615,8,14155,2026-08-05,,,2056,2026-08-05,64,2026-08-05,1431,2026-07-31,29,2026-07-31,25,2026-07-31,41,2026-07-31,49,2026-07-31,backlinker,225.0
linuxsecurity.com,2238228,223849,8,26591,2026-08-05,,,3972,2026-08-05,71,2026-08-05,3049,2026-07-31,59,2026-07-31,56,2026-07-31,51,2026-07-31,51,2026-07-31,backlinker,105.0
localbiznetwork.com,2238258,223880,8,6089,2026-08-05,,,1274,2026-08-05,56,2026-08-05,760,2026-07-31,34,2026-07-31,33,2026-07-31,27,2026-07-31,45,2026-07-31,wmlinks,134.0
madinamerica.com,2193771,152079,8,11000,2026-08-05,,,7846,2026-08-05,74,2026-08-05,4588,2026-07-31,51,2026-07-31,59,2026-07-31,67,2026-07-31,54,2026-07-31,backlinker,115.0
motadata.com,2289282,352114,8,20880,2026-08-05,,,1949,2026-08-05,58,2026-08-05,1185,2026-07-31,47,2026-07-31,23,2026-07-31,42,2026-07-31,45,2026-07-31,backlinker,135.0
mywirelesscoupons.com,2193101,151344,8,22738,2026-08-05,,,1954,2026-08-05,66,2026-08-05,1125,2026-07-31,41,2026-07-31,30,2026-07-31,26,2026-07-31,39,2026-07-31,wmlinks,100.0
nerdly.co.uk,2125568,43682,8,10108,2026-08-05,,,5839,2026-08-05,64,2026-08-05,3487,2026-07-31,42,2026-07-31,29,2026-07-31,49,2026-07-31,50,2026-07-31,wmlinks,180.0
newznav.com,2222598,197168,8,16771,2026-08-05,,,1944,2026-08-05,73,2026-08-05,1136,2026-07-31,40,2026-07-31,23,2026-07-31,47,2026-07-31,52,2026-07-31,prnews,207.0
nfldraftbuzz.com,2214302,182652,8,112452,2026-08-05,,,2695,2026-08-05,56,2026-08-05,1190,2026-07-31,48,2026-07-31,27,2026-07-31,44,2026-07-31,46,2026-07-31,wmlinks,230.0
nl.kompass.com,2209325,175394,8,20825,2026-08-05,,,841,2026-08-05,77,2026-08-05,569,2026-07-31,29,2026-07-31,25,2026-07-31,68,2026-07-31,50,2026-07-31,collaborator,165.0
oneeducation.org.uk,2153047,96922,8,16896,2026-08-05,,,1,2026-08-05,61,2026-08-05,1340,2026-07-31,34,2026-07-31,23,2026-07-31,45,2026-07-31,47,2026-07-31,backlinker,200.0
oneflow.com,2287023,344358,8,28307,2026-08-05,,,2999,2026-08-05,72,2026-08-05,1688,2026-07-31,43,2026-07-31,29,2026-07-31,37,2026-07-31,48,2026-07-31,backlinker,185.0
onejailbreak.com,2214224,182538,8,8747,2026-08-05,,,3283,2026-08-05,69,2026-08-05,951,2026-07-31,39,2026-07-31,33,2026-07-31,70,2026-07-31,45,2026-07-31,needmylink,167.0
pointsincase.com,2175691,129602,8,107375,2026-08-05,,,4483,2026-08-05,68,2026-08-05,1591,2026-07-31,46,2026-07-31,35,2026-07-31,54,2026-07-31,46,2026-07-31,wmlinks,155.0
servicedirect.com,2301678,443126,8,5389,2026-08-05,,,3206,2026-08-05,67,2026-08-05,2601,2026-07-31,49,2026-07-31,22,2026-07-31,38,2026-07-31,50,2026-07-31,backlinker,235.0
signalscv.com,2111612,21306,8,7195,2026-08-05,,,9069,2026-08-05,73,2026-08-05,4491,2026-07-31,35,2026-07-31,32,2026-07-31,75,2026-07-31,56,2026-07-31,prnews,130.0
thegamearchives.com,2176753,130782,8,9130,2026-08-05,,,2181,2026-08-05,58,2026-08-05,1213,2026-07-31,40,2026-07-31,30,2026-07-31,57,2026-07-31,44,2026-07-31,needmylink,110.0
theportablegamer.com,2156295,100767,8,21002,2026-08-05,,,3833,2026-08-05,70,2026-08-05,1284,2026-07-31,38,2026-07-31,20,2026-07-31,36,2026-07-31,43,2026-07-31,backlinker,105.0
thursd.com,2154390,98571,8,141443,2026-08-05,,,4971,2026-08-05,64,2026-08-05,1666,2026-07-31,45,2026-07-31,29,2026-07-31,39,2026-07-31,49,2026-07-31,needmylink,159.0
wales247.co.uk,2140405,70168,8,6990,2026-08-05,,,3129,2026-08-05,58,2026-08-05,1864,2026-07-31,41,2026-07-31,30,2026-07-31,44,2026-07-31,48,2026-07-31,wmlinks,130.0
writeupcafe.com,2111658,21366,8,5234,2026-08-05,,,20246,2026-08-05,69,2026-08-05,7693,2026-07-31,47,2026-07-31,26,2026-07-31,63,2026-07-31,55,2026-07-31,collaborator,100.0
1883magazine.com,2129049,48372,8,26797,2026-08-05,,,7804,2026-08-05,69,2026-08-05,3074,2026-07-31,48,2026-07-31,29,2026-07-31,54,2026-07-31,52,2026-07-31,wmlinks,130.0
advancedmixology.com,2193458,151733,8,10692,2026-08-05,,,2164,2026-08-05,55,2026-08-05,1193,2026-07-31,38,2026-07-31,24,2026-07-31,42,2026-07-31,49,2026-07-31,needmylink,112.0
agilecrm.com,2289229,351993,8,17888,2026-08-05,,,14985,2026-08-05,80,2026-08-05,7587,2026-07-31,54,2026-07-31,46,2026-07-31,58,2026-07-31,56,2026-07-31,wmlinks,230.0
aitoptools.com,2307883,458807,8,24150,2026-08-05,,,2215,2026-08-05,53,2026-08-05,758,2026-07-31,38,2026-07-31,22,2026-07-31,28,2026-07-31,44,2026-07-31,wmlinks,180.0
anotepad.com,2090750,1491,8,284088,2026-08-05,,,53087,2026-08-05,74,2026-08-05,19910,2026-07-31,64,2026-07-31,30,2026-07-31,61,2026-07-31,64,2026-07-31,backlinker,165.0
artdaily.com,2125084,43008,8,7351,2026-08-05,,,19531,2026-08-05,76,2026-08-05,7839,2026-07-31,48,2026-07-31,41,2026-07-31,64,2026-07-31,57,2026-07-31,wmlinks,100.0
banglayinfo.com,2360681,539793,8,5798,2026-08-05,,,1747,2026-08-05,50,2026-08-05,333,2026-07-31,28,2026-07-31,28,2026-07-31,42,2026-07-31,49,2026-07-31,wmlinks,130.0
billdu.com,2379785,565053,8,70215,2026-08-05,,,4312,2026-08-05,72,2026-08-05,1730,2026-07-31,47,2026-07-31,27,2026-07-31,38,2026-07-31,46,2026-07-31,wmlinks,200.0
breakingthelines.com,2195786,155343,8,8326,2026-08-05,,,7588,2026-08-05,60,2026-08-05,2522,2026-07-31,54,2026-07-31,26,2026-07-31,47,2026-07-31,50,2026-07-31,needmylink,104.0
coingabbar.com,2249376,240187,8,138029,2026-08-05,,,6111,2026-08-05,64,2026-08-05,2729,2026-07-31,58,2026-07-31,29,2026-07-31,31,2026-07-31,46,2026-07-31,backlinker,110.0
cylex.us.com,2096488,355066,8,12589,2026-08-05,,,8366,2026-08-05,92,2026-08-05,3716,2026-07-31,15,2026-07-31,16,2026-07-31,49,2026-07-31,53,2026-07-31,collaborator,182.0
d-addicts.com,2117535,31690,8,80405,2026-08-05,,,8883,2026-08-05,62,2026-08-05,3528,2026-07-31,45,2026-07-31,36,2026-07-31,72,2026-07-31,56,2026-07-31,whitehatlinks,105.0
desmoinesregister.com,2210570,177072,8,198252,2026-08-05,,,31580,2026-08-05,82,2026-08-05,20411,2026-07-31,51,2026-07-31,40,2026-07-31,85,2026-07-31,61,2026-07-31,collaborator,150.0
enostech.com,2154357,98534,8,9228,2026-08-05,,,3830,2026-08-05,53,2026-08-05,1318,2026-07-31,49,2026-07-31,29,2026-07-31,43,2026-07-31,48,2026-07-31,needmylink,111.0
fontmirror.com,2297152,433559,8,31990,2026-08-05,,,1805,2026-08-05,56,2026-08-05,803,2026-07-31,43,2026-07-31,25,2026-07-31,42,2026-07-31,48,2026-07-31,prnews,150.0
freelogopng.com,2214197,182505,8,97974,2026-08-05,,,2688,2026-08-05,70,2026-08-05,1391,2026-07-31,43,2026-07-31,20,2026-07-31,31,2026-07-31,45,2026-07-31,needmylink,145.0
freep.com,2210561,177061,8,534929,2026-08-05,,,55843,2026-08-05,85,2026-08-05,37763,2026-07-31,51,2026-07-31,49,2026-07-31,91,2026-07-31,64,2026-07-31,collaborator,130.0
fustany.com,2214102,182358,8,10194,2026-08-05,,,2402,2026-08-05,57,2026-08-05,1417,2026-07-31,45,2026-07-31,42,2026-07-31,68,2026-07-31,54,2026-07-31,backlinker,160.0
gamificationsummit.com,2270242,310345,8,7994,2026-08-05,,,1967,2026-08-05,69,2026-08-05,1097,2026-07-31,43,2026-07-31,18,2026-07-31,31,2026-07-31,39,2026-07-31,wmlinks,100.0
grandprix247.com,2149578,92899,8,29871,2026-08-05,,,6669,2026-08-05,56,2026-08-05,3065,2026-07-31,52,2026-07-31,30,2026-07-31,61,2026-07-31,51,2026-07-31,needmylink,156.0
gsmchina.com,2287719,349525,8,15144,2026-08-05,,,3513,2026-08-05,56,2026-08-05,907,2026-07-31,22,2026-07-31,18,2026-07-31,45,2026-07-31,43,2026-07-31,collaborator,149.0
guide-irlande.com,2260021,253454,8,36684,2026-08-05,,,1765,2026-08-05,54,2026-08-05,1031,2026-07-31,54,2026-07-31,29,2026-07-31,73,2026-07-31,47,2026-07-31,wmlinks,208.0
highonfilms.com,2145124,82881,8,13780,2026-08-05,,,3549,2026-08-05,64,2026-08-05,2209,2026-07-31,49,2026-07-31,24,2026-07-31,51,2026-07-31,49,2026-07-31,prnews,163.0
iamrestaurant.com,2247314,237715,8,8773,2026-08-05,,,1012,2026-08-05,72,2026-08-05,406,2026-07-31,37,2026-07-31,23,2026-07-31,44,2026-07-31,51,2026-07-31,whitehatlinks,105.0
invoiceberry.com,2289213,351948,8,13587,2026-08-05,,,1849,2026-08-05,71,2026-08-05,1250,2026-07-31,43,2026-07-31,27,2026-07-31,51,2026-07-31,49,2026-07-31,backlinker,146.0
lifestylejournal.co.uk,2121840,37958,8,6035,2026-08-05,,,539,2026-08-05,53,2026-08-05,199,2026-07-31,16,2026-07-31,17,2026-07-31,43,2026-07-31,38,2026-07-31,wmlinks,131.0
mantelligence.com,2375091,558601,8,9341,2026-08-05,,,4851,2026-08-05,54,2026-08-05,1889,2026-07-31,48,2026-07-31,24,2026-07-31,51,2026-07-31,52,2026-07-31,collaborator,175.0
markets.businessinsider.com,2207642,173513,8,1815727,2026-08-05,,,59356,2026-08-05,92,2026-08-05,38861,2026-07-31,64,2026-07-31,40,2026-07-31,94,2026-07-31,71,2026-07-31,collaborator,240.0
miamilivingmagazine.com,2218080,189685,8,5572,2026-08-05,,,2717,2026-08-05,65,2026-08-05,1850,2026-07-31,33,2026-07-31,29,2026-07-31,39,2026-07-31,43,2026-07-31,wmlinks,235.0
microsoftcrmportals.com,2094633,305088,8,42379,2026-08-05,,,10201,2026-08-05,78,2026-08-05,4063,2026-07-31,49,2026-07-31,49,2026-07-31,56,2026-07-31,50,2026-07-31,backlinker,110.0
monomousumi.com,2125158,43104,8,62799,2026-08-05,,,2782,2026-08-05,53,2026-08-05,901,2026-07-31,28,2026-07-31,18,2026-07-31,64,2026-07-31,49,2026-07-31,collaborator,100.0
mostlyblogging.com,2117075,30974,8,96700,2026-08-05,,,1,2026-08-05,69,2026-08-05,2091,2026-07-31,33,2026-07-31,28,2026-07-31,71,2026-07-31,56,2026-07-31,wmlinks,130.0
oidbet9ja.com,2372777,555217,8,6115,2026-08-05,,,1420,2026-08-05,52,2026-08-05,775,2026-07-31,42,2026-07-31,8,2026-07-31,24,2026-07-31,32,2026-07-31,whitehatlinks,105.0
outrightcrm.com,2247958,238393,8,317592,2026-08-05,,,3827,2026-08-05,62,2026-08-05,1606,2026-07-31,51,2026-07-31,20,2026-07-31,36,2026-07-31,42,2026-07-31,backlinker,114.0
ranker.com,2147336,88989,8,587950,2026-08-05,,,32654,2026-08-05,79,2026-08-05,18341,2026-07-31,49,2026-07-31,35,2026-07-31,89,2026-07-31,62,2026-07-31,backlinker,200.0
rarefiedtech.com,2275599,316779,8,9363,2026-08-05,,,2547,2026-08-05,58,2026-08-05,808,2026-07-31,36,2026-07-31,25,2026-07-31,28,2026-07-31,39,2026-07-31,prnews,104.0
redandwhitemagz.com,2270638,310920,8,43403,2026-08-05,,,2113,2026-08-05,67,2026-08-05,1004,2026-07-31,38,2026-07-31,29,2026-07-31,32,2026-07-31,40,2026-07-31,prnews,104.0
romaniatourism.com,2272336,312679,8,89389,2026-08-05,,,6094,2026-08-05,70,2026-08-05,3196,2026-07-31,37,2026-07-31,44,2026-07-31,63,2026-07-31,54,2026-07-31,whitehatlinks,187.0
socialbizmagazine.com,2270170,310255,8,15023,2026-08-05,,,1302,2026-08-05,57,2026-08-05,581,2026-07-31,36,2026-07-31,15,2026-07-31,30,2026-07-31,36,2026-07-31,backlinker,125.0
softlay.com,2301935,443666,8,14811,2026-08-05,,,3291,2026-08-05,62,2026-08-05,1083,2026-07-31,42,2026-07-31,34,2026-07-31,48,2026-07-31,48,2026-07-31,wmlinks,180.0
sonderborgnyt.dk,2296682,433069,8,17334,2026-08-05,,,1256,2026-08-05,50,2026-08-05,704,2026-07-31,58,2026-07-31,29,2026-07-31,33,2026-07-31,44,2026-07-31,wmlinks,219.0
starofmysore.com,2140463,70361,8,21115,2026-08-05,,,1776,2026-08-05,63,2026-08-05,1263,2026-07-31,43,2026-07-31,50,2026-07-31,49,2026-07-31,51,2026-07-31,needmylink,174.0
techfunnel.com,2244551,234495,8,9574,2026-08-05,,,3051,2026-08-05,67,2026-08-05,1998,2026-07-31,31,2026-07-31,26,2026-07-31,46,2026-07-31,48,2026-07-31,backlinker,220.0
techimply.com,2193959,152351,8,18223,2026-08-05,,,5737,2026-08-05,74,2026-08-05,2793,2026-07-31,45,2026-07-31,30,2026-07-31,36,2026-07-31,47,2026-07-31,needmylink,125.0
techyflavors.com,2185921,142504,8,269614,2026-08-05,,,3370,2026-08-05,64,2026-08-05,905,2026-07-31,42,2026-07-31,19,2026-07-31,56,2026-07-31,45,2026-07-31,needmylink,142.0
tecno.com,2301841,443301,8,20078,2026-08-05,,,1478,2026-08-05,51,2026-08-05,817,2026-07-31,31,2026-07-31,28,2026-07-31,42,2026-07-31,44,2026-07-31,backlinker,161.0
thefarmsoho.com,2155307,99638,8,22148,2026-08-05,,,1400,2026-08-05,52,2026-08-05,769,2026-07-31,39,2026-07-31,22,2026-07-31,40,2026-07-31,43,2026-07-31,collaborator,240.0
thefootytipster.com,2125346,43390,8,6395,2026-08-05,,,4019,2026-08-05,56,2026-08-05,1105,2026-07-31,49,2026-07-31,20,2026-07-31,24,2026-07-31,47,2026-07-31,wmlinks,121.0
thehansindia.com,2113939,25205,8,175179,2026-08-05,,,18805,2026-08-05,77,2026-08-05,11309,2026-07-31,33,2026-07-31,31,2026-07-31,78,2026-07-31,57,2026-07-31,backlinker,135.0
theidioms.com,2160256,108162,8,26730,2026-08-05,,,3886,2026-08-05,74,2026-08-05,2730,2026-07-31,43,2026-07-31,48,2026-07-31,79,2026-07-31,50,2026-07-31,wmlinks,180.0
thetechoutlook.com,2150735,94194,8,6844,2026-08-05,,,2545,2026-08-05,59,2026-08-05,1391,2026-07-31,48,2026-07-31,27,2026-07-31,76,2026-07-31,50,2026-07-31,prnews,228.0
tipsytiaras.com,2297421,433838,8,23529,2026-08-05,,,3068,2026-08-05,70,2026-08-05,462,2026-07-31,34,2026-07-31,29,2026-07-31,47,2026-07-31,45,2026-07-31,wmlinks,100.0
totalfootballanalysis.com,2125348,43392,8,45861,2026-08-05,,,32169,2026-08-05,79,2026-08-05,25000,2026-07-31,76,2026-07-31,35,2026-07-31,49,2026-07-31,55,2026-07-31,wmlinks,220.0
uaehelper.com,2214163,182462,8,24104,2026-08-05,,,889,2026-08-05,58,2026-08-05,334,2026-07-31,37,2026-07-31,14,2026-07-31,62,2026-07-31,47,2026-07-31,prnews,138.0
ukbusinessmagazine.co.uk,2154962,99233,8,9046,2026-08-05,,,617,2026-08-05,61,2026-08-05,130,2026-07-31,37,2026-07-31,13,2026-07-31,56,2026-07-31,40,2026-07-31,wmlinks,160.0
voipbusiness.com,2301611,443051,8,9855,2026-08-05,,,1219,2026-08-05,53,2026-08-05,753,2026-07-31,43,2026-07-31,24,2026-07-31,39,2026-07-31,43,2026-07-31,wmlinks,180.0
allnigeriasoccer.com,2125652,43771,8,8497,2026-08-05,,,5456,2026-08-05,52,2026-08-05,1891,2026-07-31,49,2026-07-31,26,2026-07-31,52,2026-07-31,49,2026-07-31,needmylink,145.0
anobii.com,2091137,89720,8,14539,2026-08-05,,,33519,2026-08-05,74,2026-08-05,10116,2026-07-31,49,2026-07-31,60,2026-07-31,65,2026-07-31,61,2026-07-31,backlinker,110.0
apify.com,2289266,352090,8,372930,2026-08-05,,,13029,2026-08-05,80,2026-08-05,8397,2026-07-31,56,2026-07-31,32,2026-07-31,50,2026-07-31,57,2026-07-31,backlinker,195.0
applegazette.com,2119380,34335,8,14057,2026-08-05,,,2678,2026-08-05,63,2026-08-05,1410,2026-07-31,21,2026-07-31,24,2026-07-31,60,2026-07-31,50,2026-07-31,wmlinks,130.0
arcyart.com,2168356,119171,8,31554,2026-08-05,,,1961,2026-08-05,63,2026-08-05,1086,2026-07-31,41,2026-07-31,42,2026-07-31,35,2026-07-31,40,2026-07-31,wmlinks,110.0
automotiveaddicts.com,2249603,240511,8,5385,2026-08-05,,,1615,2026-08-05,57,2026-08-05,822,2026-07-31,43,2026-07-31,45,2026-07-31,57,2026-07-31,51,2026-07-31,collaborator,150.0
bizzmarkblog.com,2286401,342905,8,9785,2026-08-05,,,1497,2026-08-05,53,2026-08-05,760,2026-07-31,29,2026-07-31,22,2026-07-31,40,2026-07-31,47,2026-07-31,wmlinks,120.0
brandvm.com,2270926,311221,8,8222,2026-08-05,,,4242,2026-08-05,73,2026-08-05,2464,2026-07-31,46,2026-07-31,37,2026-07-31,41,2026-07-31,43,2026-07-31,needmylink,222.0
builtinboston.com,2132535,52787,8,48769,2026-08-05,,,3156,2026-08-05,69,2026-08-05,1460,2026-07-31,44,2026-07-31,28,2026-07-31,49,2026-07-31,48,2026-07-31,backlinker,195.0
callhippo.com,2129939,49396,8,24572,2026-08-05,,,5275,2026-08-05,74,2026-08-05,2887,2026-07-31,45,2026-07-31,28,2026-07-31,41,2026-07-31,54,2026-07-31,collaborator,250.0
careerguide.com,2115761,28868,8,56711,2026-08-05,,,3985,2026-08-05,51,2026-08-05,4121,2026-07-31,44,2026-07-31,23,2026-07-31,39,2026-07-31,49,2026-07-31,whitehatlinks,165.0
cargocollective.com,2192805,151039,8,14080,2026-08-05,,,58978,2026-08-05,90,2026-08-05,29585,2026-07-31,49,2026-07-31,48,2026-07-31,87,2026-07-31,69,2026-07-31,wmlinks,170.0
cocofax.com,2274022,314863,8,7207,2026-08-05,,,1598,2026-08-05,50,2026-08-05,697,2026-07-31,39,2026-07-31,26,2026-07-31,33,2026-07-31,48,2026-07-31,backlinker,205.0
cocofinder.com,2375079,558587,8,10395,2026-08-05,,,1775,2026-08-05,59,2026-08-05,1117,2026-07-31,29,2026-07-31,22,2026-07-31,35,2026-07-31,50,2026-07-31,collaborator,250.0
collegenp.com,2269875,309898,8,82673,2026-08-05,,,3518,2026-08-05,52,2026-08-05,1212,2026-07-31,52,2026-07-31,24,2026-07-31,54,2026-07-31,48,2026-07-31,backlinker,107.0
collegian.com,2154720,98959,8,17345,2026-08-05,,,6715,2026-08-05,62,2026-08-05,1994,2026-07-31,33,2026-07-31,36,2026-07-31,62,2026-07-31,50,2026-07-31,wmlinks,205.0
content.techgig.com,2162005,110956,8,5513,2026-08-05,,,1954,2026-08-05,70,2026-08-05,1465,2026-07-31,36,2026-07-31,26,2026-07-31,56,2026-07-31,46,2026-07-31,backlinker,185.0
credihealth.com,2141340,72314,8,28139,2026-08-05,,,2781,2026-08-05,52,2026-08-05,1509,2026-07-31,42,2026-07-31,22,2026-07-31,71,2026-07-31,52,2026-07-31,wmlinks,120.0
crystalandcomp.com,2102330,459,8,8067,2026-08-05,,,2417,2026-08-05,56,2026-08-05,1662,2026-07-31,51,2026-07-31,27,2026-07-31,55,2026-07-31,54,2026-07-31,backlinker,155.0
decoratoradvice.com,2154878,99130,8,45521,2026-08-05,,,3223,2026-08-05,71,2026-08-05,1580,2026-07-31,42,2026-07-31,20,2026-07-31,52,2026-07-31,49,2026-07-31,wmlinks,180.0
doctorhoogstra.com,2198178,159005,8,16628,2026-08-05,,,837,2026-08-05,54,2026-08-05,408,2026-07-31,32,2026-07-31,18,2026-07-31,19,2026-07-31,42,2026-07-31,backlinker,118.0
dwell.com,2258820,252067,8,82494,2026-08-05,,,22945,2026-08-05,84,2026-08-05,13250,2026-07-31,52,2026-07-31,69,2026-07-31,82,2026-07-31,61,2026-07-31,wmlinks,230.0
eklablog.com,2099177,444398,8,158457,2026-08-05,,,28345,2026-08-05,80,2026-08-05,17014,2026-07-31,57,2026-07-31,48,2026-07-31,24,2026-07-31,44,2026-07-31,backlinker,110.0
evolvedgross.com,2301125,442521,8,17272,2026-08-05,,,1214,2026-08-05,60,2026-08-05,551,2026-07-31,38,2026-07-31,15,2026-07-31,21,2026-07-31,31,2026-07-31,whitehatlinks,105.0
fashionweekonline.com,2145290,83077,8,17252,2026-08-05,,,6706,2026-08-05,72,2026-08-05,2838,2026-07-31,48,2026-07-31,27,2026-07-31,63,2026-07-31,55,2026-07-31,wmlinks,150.0
feedbuzzard.com,2193275,151540,8,39253,2026-08-05,,,2892,2026-08-05,70,2026-08-05,1332,2026-07-31,38,2026-07-31,23,2026-07-31,57,2026-07-31,44,2026-07-31,needmylink,145.0
hollywoodinsider.com,2244590,234556,8,8929,2026-08-05,,,2219,2026-08-05,60,2026-08-05,1181,2026-07-31,41,2026-07-31,31,2026-07-31,51,2026-07-31,48,2026-07-31,collaborator,243.0
honeysucklemag.com,2130084,49605,8,5574,2026-08-05,,,3595,2026-08-05,60,2026-08-05,1138,2026-07-31,47,2026-07-31,27,2026-07-31,38,2026-07-31,47,2026-07-31,backlinker,233.0
ilboursa.com,2244594,234567,8,31980,2026-08-05,,,1832,2026-08-05,52,2026-08-05,1318,2026-07-31,21,2026-07-31,24,2026-07-31,41,2026-07-31,46,2026-07-31,wmlinks,173.0
inc42.com,2102427,747,8,68479,2026-08-05,,,14629,2026-08-05,81,2026-08-05,9177,2026-07-31,46,2026-07-31,30,2026-07-31,78,2026-07-31,58,2026-07-31,collaborator,215.0
indeedseo.com,2271662,311973,8,10613,2026-08-05,,,6979,2026-08-05,52,2026-08-05,3771,2026-07-31,52,2026-07-31,21,2026-07-31,34,2026-07-31,53,2026-07-31,backlinker,235.0
justluxe.com,2119046,33870,8,5480,2026-08-05,,,4964,2026-08-05,72,2026-08-05,2477,2026-07-31,27,2026-07-31,34,2026-07-31,74,2026-07-31,54,2026-07-31,backlinker,235.0
lids.com,2380256,565559,8,204109,2026-08-05,,,5590,2026-08-05,69,2026-08-05,2747,2026-07-31,43,2026-07-31,56,2026-07-31,65,2026-07-31,56,2026-07-31,wmlinks,130.0
lookwhatmomfound.com,2116306,29572,8,14737,2026-08-05,,,5263,2026-08-05,70,2026-08-05,1448,2026-07-31,40,2026-07-31,26,2026-07-31,65,2026-07-31,52,2026-07-31,needmylink,142.0
markmeets.com,2112569,22890,8,10625,2026-08-05,,,5430,2026-08-05,78,2026-08-05,2219,2026-07-31,45,2026-07-31,45,2026-07-31,70,2026-07-31,54,2026-07-31,collaborator,120.0
numberlina.com,2284717,331565,8,20004,2026-08-05,,,1966,2026-08-05,73,2026-08-05,317,2026-07-31,32,2026-07-31,22,2026-07-31,34,2026-07-31,46,2026-07-31,collaborator,100.0
pisowifipause.com,2377507,562167,8,53318,2026-08-05,,,495,2026-08-05,54,2026-08-05,94,2026-07-31,34,2026-07-31,12,2026-07-31,42,2026-07-31,38,2026-07-31,wmlinks,100.0
playbattlesquare.com,2283201,327044,8,31061,2026-08-05,,,2734,2026-08-05,71,2026-08-05,987,2026-07-31,42,2026-07-31,30,2026-07-31,28,2026-07-31,42,2026-07-31,wmlinks,140.0
poetrysoup.com,2248033,238470,8,16627,2026-08-05,,,3467,2026-08-05,61,2026-08-05,2022,2026-07-31,39,2026-07-31,48,2026-07-31,57,2026-07-31,50,2026-07-31,wmlinks,113.0
porchdrinking.com,2324908,479778,8,10292,2026-08-05,,,1894,2026-08-05,56,2026-08-05,906,2026-07-31,37,2026-07-31,26,2026-07-31,57,2026-07-31,47,2026-07-31,collaborator,145.0
redstaglabs.com,2297787,434247,8,9538,2026-08-05,,,1374,2026-08-05,63,2026-08-05,798,2026-07-31,32,2026-07-31,22,2026-07-31,31,2026-07-31,40,2026-07-31,wmlinks,180.0
researchprospect.com,2235479,220015,8,49762,2026-08-05,,,4243,2026-08-05,52,2026-08-05,1588,2026-07-31,46,2026-07-31,25,2026-07-31,38,2026-07-31,47,2026-07-31,wmlinks,193.0
savingtool.co.uk,2369236,549612,8,8692,2026-08-05,,,488,2026-08-05,50,2026-08-05,206,2026-07-31,36,2026-07-31,23,2026-07-31,28,2026-07-31,35,2026-07-31,collaborator,114.0
shoeboxed.com,2322923,475426,8,11268,2026-08-05,,,3223,2026-08-05,73,2026-08-05,2267,2026-07-31,45,2026-07-31,29,2026-07-31,58,2026-07-31,49,2026-07-31,backlinker,205.0
socialmediatoday.com,2102554,1126,8,78251,2026-08-05,,,41278,2026-08-05,88,2026-08-05,26815,2026-07-31,58,2026-07-31,38,2026-07-31,85,2026-07-31,64,2026-07-31,collaborator,250.0
startupranking.com,2248433,238877,8,8282,2026-08-05,,,5740,2026-08-05,61,2026-08-05,2012,2026-07-31,28,2026-07-31,26,2026-07-31,74,2026-07-31,52,2026-07-31,collaborator,200.0
tabletmonkeys.com,2272536,312882,8,44849,2026-08-05,,,1456,2026-08-05,61,2026-08-05,839,2026-07-31,29,2026-07-31,29,2026-07-31,56,2026-07-31,48,2026-07-31,prnews,195.0
techsslaash.com,2273387,314120,8,2081379,2026-08-05,,,2267,2026-08-05,70,2026-08-05,893,2026-07-31,35,2026-07-31,18,2026-07-31,44,2026-07-31,43,2026-07-31,wmlinks,130.0
thegooddogguide.com,2153845,97921,8,8938,2026-08-05,,,1325,2026-08-05,60,2026-08-05,659,2026-07-31,28,2026-07-31,31,2026-07-31,36,2026-07-31,41,2026-07-31,backlinker,140.0
torrents-proxy.com,2143660,79995,8,18858,2026-08-05,,,3046,2026-08-05,70,2026-08-05,765,2026-07-31,43,2026-07-31,19,2026-07-31,55,2026-07-31,48,2026-07-31,collaborator,110.0
ucatruco.com,2370405,551209,8,347385,2026-08-05,,,1007,2026-08-05,52,2026-08-05,333,2026-07-31,29,2026-07-31,15,2026-07-31,39,2026-07-31,40,2026-07-31,wmlinks,110.0
ujudebug.com,2375134,558652,8,43899,2026-08-05,,,921,2026-08-05,63,2026-08-05,352,2026-07-31,33,2026-07-31,18,2026-07-31,55,2026-07-31,39,2026-07-31,backlinker,110.0
us.kompass.com,2248809,239263,8,6950,2026-08-05,,,3577,2026-08-05,77,2026-08-05,1013,2026-07-31,34,2026-07-31,26,2026-07-31,68,2026-07-31,56,2026-07-31,collaborator,200.0
wanderingeducators.com,2112567,22888,8,5288,2026-08-05,,,3148,2026-08-05,59,2026-08-05,858,2026-07-31,43,2026-07-31,33,2026-07-31,52,2026-07-31,44,2026-07-31,wmlinks,230.0
wefunder.com,2090676,135,8,22801,2026-08-05,,,37860,2026-08-05,80,2026-08-05,14858,2026-07-31,56,2026-07-31,30,2026-07-31,80,2026-07-31,63,2026-07-31,backlinker,110.0
whatnetworksph.com,2358677,535976,8,5962,2026-08-05,,,4805,2026-08-05,67,2026-08-05,434,2026-07-31,42,2026-07-31,25,2026-07-31,41,2026-07-31,43,2026-07-31,wmlinks,100.0
affmaven.com,2359974,538683,8,6081,2026-08-05,,,4605,2026-08-05,59,2026-08-05,2668,2026-07-31,42,2026-07-31,27,2026-07-31,22,2026-07-31,48,2026-07-31,prnews,195.0
allbusiness.com,2102264,248,8,7791,2026-08-05,,,16561,2026-08-05,79,2026-08-05,10056,2026-07-31,36,2026-07-31,43,2026-07-31,79,2026-07-31,58,2026-07-31,needmylink,167.0
androidguys.com,2115840,28958,8,6215,2026-08-05,,,6561,2026-08-05,70,2026-08-05,3058,2026-07-31,36,2026-07-31,38,2026-07-31,80,2026-07-31,56,2026-07-31,needmylink,242.0
appsychology.com,2246490,236864,8,21492,2026-08-05,,,1186,2026-08-05,63,2026-08-05,501,2026-07-31,39,2026-07-31,19,2026-07-31,44,2026-07-31,44,2026-07-31,wmlinks,105.0
azcentral.com,2210643,177174,8,439255,2026-08-05,,,56389,2026-08-05,86,2026-08-05,37682,2026-07-31,48,2026-07-31,43,2026-07-31,90,2026-07-31,66,2026-07-31,collaborator,120.0
babesproduct.com,2270806,311095,8,12558,2026-08-05,,,1426,2026-08-05,52,2026-08-05,564,2026-07-31,41,2026-07-31,14,2026-07-31,10,2026-07-31,43,2026-07-31,backlinker,105.0
bandisoft.com,2297019,433421,8,76842,2026-08-05,,,4834,2026-08-05,73,2026-08-05,3608,2026-07-31,33,2026-07-31,39,2026-07-31,58,2026-07-31,50,2026-07-31,needmylink,155.0
blockonomi.com,2141592,72852,8,293408,2026-08-05,,,9119,2026-08-05,73,2026-08-05,6625,2026-07-31,47,2026-07-31,30,2026-07-31,51,2026-07-31,56,2026-07-31,wmlinks,185.0
cardsrealm.com,2195606,155144,8,23396,2026-08-05,,,6950,2026-08-05,54,2026-08-05,2447,2026-07-31,55,2026-07-31,28,2026-07-31,57,2026-07-31,51,2026-07-31,needmylink,125.0
competize.com,2215041,183756,8,53097,2026-08-05,,,4305,2026-08-05,53,2026-08-05,1584,2026-07-31,41,2026-07-31,26,2026-07-31,39,2026-07-31,46,2026-07-31,collaborator,122.0
cricketschedule.com,2239746,228043,8,231810,2026-08-05,,,1543,2026-08-05,57,2026-08-05,978,2026-07-31,42,2026-07-31,30,2026-07-31,60,2026-07-31,50,2026-07-31,prnews,182.0
cupidescorts.co.uk,2271083,311383,8,27750,2026-08-05,,,2262,2026-08-05,60,2026-08-05,1589,2026-07-31,57,2026-07-31,34,2026-07-31,34,2026-07-31,41,2026-07-31,whitehatlinks,113.0
cylex-australia.com,2359024,536521,8,7525,2026-08-05,,,3216,2026-08-05,54,2026-08-05,1041,2026-07-31,22,2026-07-31,25,2026-07-31,31,2026-07-31,48,2026-07-31,collaborator,170.0
danetsoft.com,2374545,558002,8,11178,2026-08-05,,,7237,2026-08-05,71,2026-08-05,2929,2026-07-31,59,2026-07-31,40,2026-07-31,45,2026-07-31,50,2026-07-31,collaborator,198.0
economicsonline.co.uk,2179509,133976,8,19844,2026-08-05,,,2464,2026-08-05,61,2026-08-05,1504,2026-07-31,41,2026-07-31,23,2026-07-31,59,2026-07-31,50,2026-07-31,wmlinks,215.0
facilio.com,2360263,538991,8,10563,2026-08-05,,,1624,2026-08-05,63,2026-08-05,1007,2026-07-31,48,2026-07-31,24,2026-07-31,37,2026-07-31,46,2026-07-31,backlinker,155.0
fordauthority.com,2375623,559189,8,89599,2026-08-05,,,7850,2026-08-05,69,2026-08-05,3675,2026-07-31,38,2026-07-31,31,2026-07-31,64,2026-07-31,55,2026-07-31,wmlinks,130.0
gharpedia.com,2128507,47750,8,23209,2026-08-05,,,2240,2026-08-05,58,2026-08-05,1297,2026-07-31,30,2026-07-31,22,2026-07-31,42,2026-07-31,51,2026-07-31,needmylink,148.0
giantbomb.com,2090683,149,8,35728,2026-08-05,,,40989,2026-08-05,77,2026-08-05,17245,2026-07-31,52,2026-07-31,63,2026-07-31,88,2026-07-31,63,2026-07-31,backlinker,235.0
globalbrandsmagazine.com,2168372,119243,8,23402,2026-08-05,,,7883,2026-08-05,71,2026-08-05,3255,2026-07-31,47,2026-07-31,34,2026-07-31,72,2026-07-31,52,2026-07-31,backlinker,235.0
goombastomp.com,2238483,224171,8,13558,2026-08-05,,,2956,2026-08-05,50,2026-08-05,1358,2026-07-31,44,2026-07-31,26,2026-07-31,61,2026-07-31,51,2026-07-31,wmlinks,164.0
hackread.com,2154032,98153,8,8152,2026-08-05,,,11740,2026-08-05,77,2026-08-05,6628,2026-07-31,52,2026-07-31,35,2026-07-31,77,2026-07-31,55,2026-07-31,wmlinks,230.0
hashmicro.com,2214182,182487,8,79661,2026-08-05,,,5275,2026-08-05,66,2026-08-05,1874,2026-07-31,46,2026-07-31,34,2026-07-31,40,2026-07-31,48,2026-07-31,wmlinks,219.0
hipcv.com,2232617,215937,8,5766,2026-08-05,,,1007,2026-08-05,55,2026-08-05,525,2026-07-31,40,2026-07-31,21,2026-07-31,41,2026-07-31,43,2026-07-31,needmylink,196.0
hpage.com,2301766,443218,8,8400,2026-08-05,,,28363,2026-08-05,81,2026-08-05,16669,2026-07-31,65,2026-07-31,58,2026-07-31,78,2026-07-31,57,2026-07-31,backlinker,165.0
investorshangout.com,2147360,89349,8,6140,2026-08-05,,,5788,2026-08-05,71,2026-08-05,1960,2026-07-31,40,2026-07-31,30,2026-07-31,46,2026-07-31,51,2026-07-31,wmlinks,130.0
invoicely.com,2379636,564896,8,45393,2026-08-05,,,1508,2026-08-05,63,2026-08-05,926,2026-07-31,42,2026-07-31,31,2026-07-31,41,2026-07-31,50,2026-07-31,backlinker,235.0
johnsoncountypost.com,2284698,331361,8,9534,2026-08-05,,,3332,2026-08-05,59,2026-08-05,983,2026-07-31,31,2026-07-31,27,2026-07-31,35,2026-07-31,39,2026-07-31,backlinker,155.0
lapwinglabs.com,2271824,312137,8,8149,2026-08-05,,,1355,2026-08-05,53,2026-08-05,631,2026-07-31,39,2026-07-31,16,2026-07-31,37,2026-07-31,39,2026-07-31,wmlinks,120.0
morbidlybeautiful.com,2120799,36386,8,35648,2026-08-05,,,3008,2026-08-05,53,2026-08-05,1236,2026-07-31,30,2026-07-31,26,2026-07-31,49,2026-07-31,47,2026-07-31,needmylink,162.0
murciatoday.com,2211204,178093,8,13676,2026-08-05,,,4198,2026-08-05,62,2026-08-05,2218,2026-07-31,56,2026-07-31,28,2026-07-31,59,2026-07-31,50,2026-07-31,backlinker,204.0
news24online.com,2165317,115113,8,140606,2026-08-05,,,7867,2026-08-05,70,2026-08-05,4206,2026-07-31,49,2026-07-31,49,2026-07-31,55,2026-07-31,55,2026-07-31,prnews,246.0
newsgram.com,2115461,28450,8,16838,2026-08-05,,,4913,2026-08-05,58,2026-08-05,1636,2026-07-31,47,2026-07-31,27,2026-07-31,66,2026-07-31,48,2026-07-31,prnews,117.0
noodle-magazine.co.uk,2378563,563721,8,19225,2026-08-05,,,1828,2026-08-05,51,2026-08-05,423,2026-07-31,29,2026-07-31,17,2026-07-31,42,2026-07-31,39,2026-07-31,whitehatlinks,165.0
openpr.com,2174415,128094,8,383685,2026-08-05,,,30294,2026-08-05,81,2026-08-05,15945,2026-07-31,44,2026-07-31,31,2026-07-31,71,2026-07-31,57,2026-07-31,backlinker,205.0
outsfl.com,2276443,317673,8,5245,2026-08-05,,,2758,2026-08-05,57,2026-08-05,664,2026-07-31,39,2026-07-31,30,2026-07-31,38,2026-07-31,38,2026-07-31,collaborator,190.0
parkmagazineny.com,2371416,553783,8,82000,2026-08-05,,,4421,2026-08-05,56,2026-08-05,995,2026-07-31,41,2026-07-31,26,2026-07-31,45,2026-07-31,48,2026-07-31,prnews,104.0
portfolium.com,2284447,329719,8,348489,2026-08-05,,,24386,2026-08-05,72,2026-08-05,8502,2026-07-31,52,2026-07-31,30,2026-07-31,55,2026-07-31,57,2026-07-31,backlinker,110.0
sevenseventech.com,2370305,551086,8,90040,2026-08-05,,,543,2026-08-05,70,2026-08-05,115,2026-07-31,35,2026-07-31,18,2026-07-31,45,2026-07-31,39,2026-07-31,wmlinks,130.0
skillsyouneed.com,2153354,97294,8,68099,2026-08-05,,,9700,2026-08-05,75,2026-08-05,6140,2026-07-31,49,2026-07-31,33,2026-07-31,61,2026-07-31,54,2026-07-31,wmlinks,150.0
spacecoastdaily.com,2117519,31667,8,63221,2026-08-05,,,13353,2026-08-05,72,2026-08-05,5701,2026-07-31,37,2026-07-31,29,2026-07-31,74,2026-07-31,57,2026-07-31,needmylink,124.0
tech-ish.com,2149538,92852,8,8140,2026-08-05,,,1608,2026-08-05,51,2026-08-05,1131,2026-07-31,36,2026-07-31,32,2026-07-31,41,2026-07-31,47,2026-07-31,backlinker,163.0
thebookbag.co.uk,2125329,43370,8,6550,2026-08-05,,,1763,2026-08-05,58,2026-08-05,747,2026-07-31,43,2026-07-31,30,2026-07-31,48,2026-07-31,42,2026-07-31,backlinker,111.0
thefoat.com,2118707,33340,8,5242,2026-08-05,,,1990,2026-08-05,69,2026-08-05,1094,2026-07-31,34,2026-07-31,38,2026-07-31,43,2026-07-31,47,2026-07-31,collaborator,118.0
theinspirationedit.com,2153800,97862,8,10087,2026-08-05,,,2939,2026-08-05,57,2026-08-05,2333,2026-07-31,42,2026-07-31,23,2026-07-31,65,2026-07-31,52,2026-07-31,collaborator,150.0
thepinnaclelist.com,2122534,38965,8,5251,2026-08-05,,,4622,2026-08-05,59,2026-08-05,1760,2026-07-31,23,2026-07-31,29,2026-07-31,60,2026-07-31,51,2026-07-31,needmylink,188.0
therebelchick.com,2119005,33816,8,18840,2026-08-05,,,2277,2026-08-05,51,2026-08-05,1500,2026-07-31,30,2026-07-31,25,2026-07-31,45,2026-07-31,54,2026-07-31,collaborator,150.0
theupcoming.co.uk,2115868,28993,8,9434,2026-08-05,,,4470,2026-08-05,71,2026-08-05,2611,2026-07-31,48,2026-07-31,35,2026-07-31,63,2026-07-31,51,2026-07-31,needmylink,222.0
tripoto.com,2091100,89523,8,455805,2026-08-05,,,13715,2026-08-05,69,2026-08-05,4560,2026-07-31,37,2026-07-31,27,2026-07-31,58,2026-07-31,54,2026-07-31,wmlinks,150.0
udaipurtimes.com,2132267,52429,8,79824,2026-08-05,,,3355,2026-08-05,51,2026-08-05,912,2026-07-31,42,2026-07-31,21,2026-07-31,45,2026-07-31,47,2026-07-31,wmlinks,250.0
uniindia.com,2145092,82798,8,9841,2026-08-05,,,9759,2026-08-05,74,2026-08-05,5103,2026-07-31,63,2026-07-31,47,2026-07-31,73,2026-07-31,52,2026-07-31,collaborator,100.0
wavetechglobal.com,2193081,151324,8,10799,2026-08-05,,,1909,2026-08-05,56,2026-08-05,610,2026-07-31,37,2026-07-31,17,2026-07-31,30,2026-07-31,44,2026-07-31,wmlinks,120.0
wp301redirects.com,2170704,123413,8,8705,2026-08-05,,,2158,2026-08-05,68,2026-08-05,1080,2026-07-31,43,2026-07-31,28,2026-07-31,61,2026-07-31,51,2026-07-31,backlinker,234.0
wpdevshed.com,2174357,128026,8,6968,2026-08-05,,,3791,2026-08-05,76,2026-08-05,2842,2026-07-31,41,2026-07-31,37,2026-07-31,45,2026-07-31,56,2026-07-31,wmlinks,180.0
z.com,2327578,483615,8,364417,2026-08-05,,,9522,2026-08-05,75,2026-08-05,4882,2026-07-31,52,2026-07-31,48,2026-07-31,67,2026-07-31,56,2026-07-31,backlinker,235.0
ar.beincrypto.com,2227729,206746,8,8553,2026-08-05,,,1487,2026-08-05,80,2026-08-05,843,2026-07-31,37,2026-07-31,20,2026-07-31,62,2026-07-31,51,2026-07-31,whitehatlinks,206.0
betensured.com,2195078,154547,8,345918,2026-08-05,,,5020,2026-08-05,72,2026-08-05,1792,2026-07-31,36,2026-07-31,22,2026-07-31,33,2026-07-31,48,2026-07-31,whitehatlinks,165.0
bizcommunity.com,2143213,78613,8,15487,2026-08-05,,,17520,2026-08-05,78,2026-08-05,9532,2026-07-31,69,2026-07-31,56,2026-07-31,80,2026-07-31,57,2026-07-31,backlinker,233.0
builtinaustin.com,2125128,43064,8,46525,2026-08-05,,,4238,2026-08-05,70,2026-08-05,1633,2026-07-31,41,2026-07-31,28,2026-07-31,53,2026-07-31,47,2026-07-31,wmlinks,170.0
businessmotoring.co.uk,2202849,165588,8,6538,2026-08-05,,,1077,2026-08-05,50,2026-08-05,485,2026-07-31,30,2026-07-31,25,2026-07-31,45,2026-07-31,40,2026-07-31,backlinker,198.0
castellinotizie.it,2196222,155828,8,16839,2026-08-05,,,1267,2026-08-05,50,2026-08-05,678,2026-07-31,20,2026-07-31,28,2026-07-31,40,2026-07-31,47,2026-07-31,prnews,135.0
chimpreports.com,2132003,52098,8,18178,2026-08-05,,,5576,2026-08-05,61,2026-08-05,2390,2026-07-31,27,2026-07-31,25,2026-07-31,56,2026-07-31,51,2026-07-31,collaborator,120.0
civildigital.com,2161934,110848,8,5453,2026-08-05,,,3436,2026-08-05,53,2026-08-05,798,2026-07-31,21,2026-07-31,22,2026-07-31,71,2026-07-31,49,2026-07-31,backlinker,100.0
codedthemes.com,2297131,433538,8,5264,2026-08-05,,,2632,2026-08-05,72,2026-08-05,543,2026-07-31,32,2026-07-31,24,2026-07-31,35,2026-07-31,44,2026-07-31,needmylink,136.0
connectioncafe.com,2112294,22443,8,100563,2026-08-05,,,6590,2026-08-05,61,2026-08-05,1324,2026-07-31,38,2026-07-31,30,2026-07-31,47,2026-07-31,45,2026-07-31,needmylink,124.0
courier-journal.com,2210656,177191,8,184715,2026-08-05,,,27175,2026-08-05,81,2026-08-05,17351,2026-07-31,48,2026-07-31,44,2026-07-31,83,2026-07-31,59,2026-07-31,collaborator,150.0
coyyn.com,2304961,453104,8,51954,2026-08-05,,,3665,2026-08-05,52,2026-08-05,869,2026-07-31,20,2026-07-31,16,2026-07-31,41,2026-07-31,50,2026-07-31,wmlinks,180.0
cultr.com,2238288,223910,8,36649,2026-08-05,,,1295,2026-08-05,54,2026-08-05,659,2026-07-31,36,2026-07-31,28,2026-07-31,35,2026-07-31,42,2026-07-31,wmlinks,205.0
cyprus-mail.com,2116975,30782,8,100299,2026-08-05,,,14271,2026-08-05,75,2026-08-05,9376,2026-07-31,61,2026-07-31,59,2026-07-31,73,2026-07-31,61,2026-07-31,collaborator,152.0
digitfeast.com,2162100,111109,8,64096,2026-08-05,,,2883,2026-08-05,55,2026-08-05,311,2026-07-31,36,2026-07-31,23,2026-07-31,53,2026-07-31,43,2026-07-31,wmlinks,110.0
discoverdartmouth.com,2301861,443590,8,6803,2026-08-05,,,1090,2026-08-05,54,2026-08-05,510,2026-07-31,41,2026-07-31,54,2026-07-31,38,2026-07-31,42,2026-07-31,wmlinks,100.0
emersonicon.com,2301635,443079,8,9277,2026-08-05,,,1103,2026-08-05,50,2026-08-05,449,2026-07-31,38,2026-07-31,6,2026-07-31,24,2026-07-31,33,2026-07-31,needmylink,118.0
en.bitcoinsistemi.com,2244598,234574,8,9053,2026-08-05,,,1592,2026-08-05,54,2026-08-05,1026,2026-07-31,56,2026-07-31,23,2026-07-31,37,2026-07-31,40,2026-07-31,wmlinks,230.0
exotickenya.com,2327576,483613,8,19993,2026-08-05,,,3019,2026-08-05,51,2026-08-05,2193,2026-07-31,53,2026-07-31,24,2026-07-31,33,2026-07-31,44,2026-07-31,backlinker,135.0
fanthatracks.com,2154691,98924,8,5232,2026-08-05,,,4309,2026-08-05,51,2026-08-05,1688,2026-07-31,41,2026-07-31,30,2026-07-31,58,2026-07-31,49,2026-07-31,wmlinks,130.0
fashionisk.com,2271341,311646,8,23591,2026-08-05,,,2192,2026-08-05,56,2026-08-05,151,2026-07-31,22,2026-07-31,17,2026-07-31,59,2026-07-31,42,2026-07-31,prnews,118.0
fashionmodeldirectory.com,2240603,229399,8,11387,2026-08-05,,,4108,2026-08-05,53,2026-08-05,2037,2026-07-31,39,2026-07-31,45,2026-07-31,69,2026-07-31,54,2026-07-31,prnews,225.0
futuretechgirls.com,2247101,237496,8,7979,2026-08-05,,,1076,2026-08-05,55,2026-08-05,407,2026-07-31,34,2026-07-31,30,2026-07-31,13,2026-07-31,44,2026-07-31,wmlinks,100.0
gatorgross.com,2270043,310094,8,5564,2026-08-05,,,1877,2026-08-05,62,2026-08-05,712,2026-07-31,35,2026-07-31,18,2026-07-31,30,2026-07-31,41,2026-07-31,prnews,117.0
gizchina.com,2145239,83020,8,11563,2026-08-05,,,12066,2026-08-05,72,2026-08-05,6777,2026-07-31,54,2026-07-31,27,2026-07-31,84,2026-07-31,57,2026-07-31,backlinker,233.0
goworkwize.com,2379755,565023,8,7557,2026-08-05,,,1846,2026-08-05,72,2026-08-05,988,2026-07-31,45,2026-07-31,22,2026-07-31,36,2026-07-31,39,2026-07-31,wmlinks,230.0
houzz.ie,2347650,515130,8,20207,2026-08-05,,,1727,2026-08-05,72,2026-08-05,1078,2026-07-31,40,2026-07-31,36,2026-07-31,40,2026-07-31,45,2026-07-31,backlinker,100.0
indiastudychannel.com,2195704,155255,8,20185,2026-08-05,,,4169,2026-08-05,51,2026-08-05,1226,2026-07-31,42,2026-07-31,48,2026-07-31,54,2026-07-31,51,2026-07-31,needmylink,136.0
intheplayroom.co.uk,2121909,38046,8,19565,2026-08-05,,,2768,2026-08-05,60,2026-08-05,1737,2026-07-31,30,2026-07-31,27,2026-07-31,52,2026-07-31,53,2026-07-31,collaborator,180.0
kentuckycounselingcenter.com,2334613,493510,8,6901,2026-08-05,,,1551,2026-08-05,52,2026-08-05,789,2026-07-31,18,2026-07-31,23,2026-07-31,41,2026-07-31,47,2026-07-31,wmlinks,130.0
krishijagran.com,2238427,224107,8,24936,2026-08-05,,,3139,2026-08-05,68,2026-08-05,2062,2026-07-31,42,2026-07-31,31,2026-07-31,46,2026-07-31,51,2026-07-31,wmlinks,150.0
leaders-in-law.com,2239940,228310,8,31736,2026-08-05,,,2071,2026-08-05,54,2026-08-05,881,2026-07-31,22,2026-07-31,25,2026-07-31,32,2026-07-31,35,2026-07-31,backlinker,208.0
metaldevastationradio.com,2145032,82711,8,21971,2026-08-05,,,13006,2026-08-05,59,2026-08-05,4824,2026-07-31,63,2026-07-31,30,2026-07-31,51,2026-07-31,53,2026-07-31,collaborator,130.0
mykhel.com,2244246,234046,8,4373733,2026-08-05,,,7252,2026-08-05,68,2026-08-05,3237,2026-07-31,52,2026-07-31,33,2026-07-31,59,2026-07-31,54,2026-07-31,collaborator,178.0
newwavemagazine.com,2160485,108462,8,8228,2026-08-05,,,4823,2026-08-05,58,2026-08-05,1289,2026-07-31,25,2026-07-31,19,2026-07-31,36,2026-07-31,40,2026-07-31,prnews,195.0
nl.mashable.com,2150739,94201,8,13502,2026-08-05,,,10409,2026-08-05,91,2026-08-05,1868,2026-07-31,38,2026-07-31,29,2026-07-31,93,2026-07-31,60,2026-07-31,collaborator,250.0
nyasatimes.com,2134712,55318,8,7353,2026-08-05,,,4103,2026-08-05,65,2026-08-05,2564,2026-07-31,37,2026-07-31,42,2026-07-31,72,2026-07-31,50,2026-07-31,needmylink,162.0
oddee.com,2153396,97343,8,7664,2026-08-05,,,8994,2026-08-05,66,2026-08-05,4611,2026-07-31,31,2026-07-31,30,2026-07-31,77,2026-07-31,58,2026-07-31,backlinker,170.0
onrec.com,2121862,37985,8,13753,2026-08-05,,,5637,2026-08-05,72,2026-08-05,3307,2026-07-31,49,2026-07-31,52,2026-07-31,55,2026-07-31,49,2026-07-31,prnews,156.0
payhip.com,2098227,425317,8,284434,2026-08-05,,,61524,2026-08-05,91,2026-08-05,34001,2026-07-31,57,2026-07-31,48,2026-07-31,83,2026-07-31,65,2026-07-31,wmlinks,135.0
pinchmysalt.com,2369183,549550,8,5726,2026-08-05,,,1493,2026-08-05,51,2026-08-05,958,2026-07-31,22,2026-07-31,25,2026-07-31,53,2026-07-31,55,2026-07-31,collaborator,240.0
politicser.com,2248036,238473,8,14716,2026-08-05,,,1167,2026-08-05,72,2026-08-05,403,2026-07-31,37,2026-07-31,23,2026-07-31,42,2026-07-31,50,2026-07-31,collaborator,100.0
spearstate.com,2291290,423008,8,12553,2026-08-05,,,1036,2026-08-05,51,2026-08-05,457,2026-07-31,37,2026-07-31,11,2026-07-31,16,2026-07-31,32,2026-07-31,needmylink,156.0
speechblubs.com,2322737,475227,8,31721,2026-08-05,,,1641,2026-08-05,53,2026-08-05,929,2026-07-31,38,2026-07-31,22,2026-07-31,37,2026-07-31,46,2026-07-31,wmlinks,130.0
sprintzeal.com,2370316,551097,8,29742,2026-08-05,,,3700,2026-08-05,58,2026-08-05,2352,2026-07-31,33,2026-07-31,24,2026-07-31,40,2026-07-31,48,2026-07-31,wmlinks,180.0
stylemepretty.com,2125015,42906,8,21885,2026-08-05,,,14747,2026-08-05,82,2026-08-05,9621,2026-07-31,58,2026-07-31,44,2026-07-31,67,2026-07-31,67,2026-07-31,collaborator,150.0
techidemics.com,2284150,328544,8,10032,2026-08-05,,,1,2026-08-05,59,2026-08-05,734,2026-07-31,35,2026-07-31,16,2026-07-31,32,2026-07-31,39,2026-07-31,prnews,104.0
thenerdstash.com,2125759,43882,8,7308,2026-08-05,,,5072,2026-08-05,54,2026-08-05,2654,2026-07-31,48,2026-07-31,28,2026-07-31,58,2026-07-31,54,2026-07-31,wmlinks,180.0
thesouthern.com,2211765,178840,8,15943,2026-08-05,,,7424,2026-08-05,70,2026-08-05,3394,2026-07-31,43,2026-07-31,47,2026-07-31,66,2026-07-31,54,2026-07-31,prnews,241.0
timeshealthmag.com,2272704,313061,8,10627,2026-08-05,,,1438,2026-08-05,60,2026-08-05,706,2026-07-31,39,2026-07-31,14,2026-07-31,27,2026-07-31,35,2026-07-31,whitehatlinks,116.0
tubepornlist.com,2310969,462069,8,16218,2026-08-05,,,1598,2026-08-05,52,2026-08-05,941,2026-07-31,45,2026-07-31,32,2026-07-31,38,2026-07-31,49,2026-07-31,backlinker,249.0
urbanmatter.com,2139838,68884,8,93652,2026-08-05,,,6804,2026-08-05,68,2026-08-05,3639,2026-07-31,37,2026-07-31,29,2026-07-31,51,2026-07-31,56,2026-07-31,backlinker,185.0
userteamnames.com,2267864,306878,8,19336,2026-08-05,,,1218,2026-08-05,80,2026-08-05,604,2026-07-31,53,2026-07-31,31,2026-07-31,56,2026-07-31,45,2026-07-31,needmylink,118.0
webbytemplate.com,2324180,478791,8,11586,2026-08-05,,,533,2026-08-05,53,2026-08-05,97,2026-07-31,31,2026-07-31,16,2026-07-31,44,2026-07-31,39,2026-07-31,prnews,130.0
webwatcher.com,2153995,98113,8,10830,2026-08-05,,,1055,2026-08-05,60,2026-08-05,474,2026-07-31,33,2026-07-31,30,2026-07-31,49,2026-07-31,43,2026-07-31,backlinker,215.0
zumvu.com,2090943,89122,8,7718,2026-08-05,,,23379,2026-08-05,72,2026-08-05,7534,2026-07-31,54,2026-07-31,28,2026-07-31,57,2026-07-31,55,2026-07-31,collaborator,110.0
avstarnews.com,2193162,151416,8,19457,2026-08-05,,,2366,2026-08-05,56,2026-08-05,1165,2026-07-31,36,2026-07-31,19,2026-07-31,54,2026-07-31,47,2026-07-31,prnews,130.0
befitnatic.com,2214259,182590,8,10714,2026-08-05,,,3419,2026-08-05,60,2026-08-05,804,2026-07-31,35,2026-07-31,23,2026-07-31,25,2026-07-31,42,2026-07-31,backlinker,120.0
blendernation.com,2207735,173611,8,5917,2026-08-05,,,3542,2026-08-05,67,2026-08-05,2475,2026-07-31,48,2026-07-31,60,2026-07-31,61,2026-07-31,54,2026-07-31,backlinker,115.0
bouncemediagroup.com,2193038,151279,8,16692,2026-08-05,,,1,2026-08-05,68,2026-08-05,903,2026-07-31,36,2026-07-31,23,2026-07-31,31,2026-07-31,40,2026-07-31,prnews,169.0
builtincolorado.com,2114961,27478,8,59940,2026-08-05,,,4646,2026-08-05,71,2026-08-05,1920,2026-07-31,43,2026-07-31,28,2026-07-31,49,2026-07-31,49,2026-07-31,backlinker,195.0
cincinnati.com,2210562,177062,8,399073,2026-08-05,,,30206,2026-08-05,82,2026-08-05,18249,2026-07-31,50,2026-07-31,37,2026-07-31,85,2026-07-31,61,2026-07-31,collaborator,200.0
ck2generator.com,2271029,311329,8,12153,2026-08-05,,,1507,2026-08-05,54,2026-08-05,750,2026-07-31,39,2026-07-31,19,2026-07-31,29,2026-07-31,36,2026-07-31,wmlinks,100.0
cyberkendra.com,2123210,39975,8,6120,2026-08-05,,,3599,2026-08-05,59,2026-08-05,865,2026-07-31,43,2026-07-31,25,2026-07-31,40,2026-07-31,40,2026-07-31,whitehatlinks,206.0
decktopus.com,2238296,223918,8,24174,2026-08-05,,,4319,2026-08-05,73,2026-08-05,3299,2026-07-31,47,2026-07-31,24,2026-07-31,43,2026-07-31,48,2026-07-31,needmylink,204.0
devdiscourse.com,2132617,52884,8,35798,2026-08-05,,,15074,2026-08-05,77,2026-08-05,8852,2026-07-31,53,2026-07-31,30,2026-07-31,64,2026-07-31,54,2026-07-31,backlinker,155.0
digitalconnectmag.com,2102337,489,8,102928,2026-08-05,,,4007,2026-08-05,55,2026-08-05,1739,2026-07-31,42,2026-07-31,26,2026-07-31,44,2026-07-31,50,2026-07-31,collaborator,149.0
discountagent.co.uk,2297052,433457,8,6957,2026-08-05,,,1177,2026-08-05,55,2026-08-05,678,2026-07-31,33,2026-07-31,35,2026-07-31,37,2026-07-31,45,2026-07-31,backlinker,145.0
electronicsforu.com,2126602,44986,8,86699,2026-08-05,,,4253,2026-08-05,70,2026-08-05,2862,2026-07-31,42,2026-07-31,36,2026-07-31,61,2026-07-31,54,2026-07-31,backlinker,115.0
elephantjournal.com,2091000,89215,8,9934,2026-08-05,,,35476,2026-08-05,79,2026-08-05,13483,2026-07-31,53,2026-07-31,31,2026-07-31,80,2026-07-31,59,2026-07-31,backlinker,120.0
en.africatopsports.com,2134942,55565,8,36311,2026-08-05,,,3238,2026-08-05,56,2026-08-05,1100,2026-07-31,42,2026-07-31,20,2026-07-31,67,2026-07-31,51,2026-07-31,whitehatlinks,238.0
entireweb.com,2244490,234419,8,31996,2026-08-05,,,6453,2026-08-05,70,2026-08-05,3336,2026-07-31,49,2026-07-31,62,2026-07-31,53,2026-07-31,53,2026-07-31,wmlinks,105.0
essexhotelrooms.co.uk,2295506,431685,8,6144,2026-08-05,,,234,2026-08-05,55,2026-08-05,53,2026-07-31,30,2026-07-31,23,2026-07-31,30,2026-07-31,39,2026-07-31,backlinker,102.0
genshinleaks.co.uk,2271464,311772,8,16830,2026-08-05,,,216,2026-08-05,51,2026-08-05,50,2026-07-31,19,2026-07-31,3,2026-07-31,58,2026-07-31,38,2026-07-31,backlinker,128.0
glassofbubbly.com,2118810,33480,8,5059,2026-08-05,,,1502,2026-08-05,52,2026-08-05,875,2026-07-31,45,2026-07-31,30,2026-07-31,47,2026-07-31,46,2026-07-31,prnews,106.0
godisageek.com,2145230,83009,8,66846,2026-08-05,,,11383,2026-08-05,66,2026-08-05,3564,2026-07-31,34,2026-07-31,27,2026-07-31,67,2026-07-31,53,2026-07-31,needmylink,166.0
infogram.com,2147349,89124,8,179677,2026-08-05,,,60453,2026-08-05,86,2026-08-05,34149,2026-07-31,61,2026-07-31,72,2026-07-31,85,2026-07-31,71,2026-07-31,backlinker,165.0
kenyanwallstreet.com,2116273,29524,8,7901,2026-08-05,,,6174,2026-08-05,66,2026-08-05,2579,2026-07-31,51,2026-07-31,27,2026-07-31,47,2026-07-31,50,2026-07-31,wmlinks,120.0
landregistry.gov.uk,2379514,564772,8,36648,2026-08-05,,,2306,2026-08-05,73,2026-08-05,1395,2026-07-31,50,2026-07-31,43,2026-07-31,57,2026-07-31,47,2026-07-31,backlinker,110.0
magecomp.com,2195622,155162,8,5451,2026-08-05,,,2209,2026-08-05,72,2026-08-05,1495,2026-07-31,32,2026-07-31,26,2026-07-31,41,2026-07-31,51,2026-07-31,wmlinks,179.0
magneticmag.com,2174373,128050,8,36234,2026-08-05,,,5432,2026-08-05,70,2026-08-05,2181,2026-07-31,32,2026-07-31,32,2026-07-31,72,2026-07-31,52,2026-07-31,wmlinks,230.0
monetizepros.com,2116356,29637,8,24562,2026-08-05,,,3566,2026-08-05,68,2026-08-05,925,2026-07-31,30,2026-07-31,31,2026-07-31,49,2026-07-31,47,2026-07-31,collaborator,250.0
motocms.com,2114812,26998,8,7406,2026-08-05,,,5098,2026-08-05,75,2026-08-05,2865,2026-07-31,47,2026-07-31,31,2026-07-31,53,2026-07-31,54,2026-07-31,whitehatlinks,138.0
oklahoman.com,2167861,118374,8,241551,2026-08-05,,,26629,2026-08-05,81,2026-08-05,15860,2026-07-31,60,2026-07-31,60,2026-07-31,84,2026-07-31,58,2026-07-31,collaborator,200.0
percentagecalculatorshub.com,2308582,459542,8,24388,2026-08-05,,,576,2026-08-05,71,2026-08-05,145,2026-07-31,34,2026-07-31,15,2026-07-31,53,2026-07-31,35,2026-07-31,collaborator,200.0
pinoytechsaga.blogspot.com,2117033,30906,8,20623,2026-08-05,,,1097,2026-08-05,95,2026-08-05,262,2026-07-31,22,2026-07-31,19,2026-07-31,25,2026-07-31,43,2026-07-31,needmylink,107.0
pocketdentistry.com,2248027,238464,8,24629,2026-08-05,,,1988,2026-08-05,50,2026-08-05,1112,2026-07-31,45,2026-07-31,30,2026-07-31,48,2026-07-31,50,2026-07-31,wmlinks,190.0
possible11.com,2150359,93764,8,20421,2026-08-05,,,12819,2026-08-05,50,2026-08-05,2353,2026-07-31,51,2026-07-31,25,2026-07-31,60,2026-07-31,54,2026-07-31,prnews,116.0
root-nation.com,2103785,4004,8,44002,2026-08-05,,,8579,2026-08-05,62,2026-08-05,2479,2026-07-31,45,2026-07-31,30,2026-07-31,54,2026-07-31,54,2026-07-31,collaborator,100.0
rossoneriblog.com,2248205,238645,8,126808,2026-08-05,,,12142,2026-08-05,59,2026-08-05,3698,2026-07-31,49,2026-07-31,23,2026-07-31,48,2026-07-31,48,2026-07-31,collaborator,120.0
saharahausa.com,2307307,458194,8,9230,2026-08-05,,,1497,2026-08-05,66,2026-08-05,526,2026-07-31,39,2026-07-31,16,2026-07-31,24,2026-07-31,35,2026-07-31,wmlinks,100.0
sganalytics.com,2379235,564488,8,40805,2026-08-05,,,2325,2026-08-05,62,2026-08-05,1351,2026-07-31,25,2026-07-31,24,2026-07-31,40,2026-07-31,46,2026-07-31,backlinker,215.0
shortengine.com,2291295,423013,8,8395,2026-08-05,,,1113,2026-08-05,52,2026-08-05,464,2026-07-31,39,2026-07-31,12,2026-07-31,23,2026-07-31,32,2026-07-31,prnews,117.0
side-line.com,2117593,31770,8,5719,2026-08-05,,,5986,2026-08-05,61,2026-08-05,2562,2026-07-31,49,2026-07-31,58,2026-07-31,54,2026-07-31,49,2026-07-31,wmlinks,120.0
skdesu.com,2156395,100888,8,6544,2026-08-05,,,5323,2026-08-05,53,2026-08-05,2465,2026-07-31,49,2026-07-31,22,2026-07-31,46,2026-07-31,53,2026-07-31,prnews,195.0
sparkrental.com,2290001,353308,8,5425,2026-08-05,,,1955,2026-08-05,60,2026-08-05,1209,2026-07-31,33,2026-07-31,27,2026-07-31,49,2026-07-31,51,2026-07-31,needmylink,178.0
starrymag.com,2214806,183406,8,6754,2026-08-05,,,1399,2026-08-05,50,2026-08-05,670,2026-07-31,23,2026-07-31,27,2026-07-31,49,2026-07-31,46,2026-07-31,prnews,204.0
stylerave.com,2163379,112756,8,5152,2026-08-05,,,2207,2026-08-05,71,2026-08-05,1294,2026-07-31,45,2026-07-31,28,2026-07-31,32,2026-07-31,49,2026-07-31,wmlinks,230.0
thecityceleb.com,2150417,93828,8,35926,2026-08-05,,,5103,2026-08-05,52,2026-08-05,1810,2026-07-31,46,2026-07-31,23,2026-07-31,69,2026-07-31,49,2026-07-31,collaborator,200.0
thehometrotters.com,2193042,151284,8,9755,2026-08-05,,,4673,2026-08-05,67,2026-08-05,648,2026-07-31,33,2026-07-31,21,2026-07-31,32,2026-07-31,42,2026-07-31,wmlinks,130.0
thisdaylive.com,2134928,55551,8,146264,2026-08-05,,,14981,2026-08-05,78,2026-08-05,9154,2026-07-31,56,2026-07-31,59,2026-07-31,79,2026-07-31,56,2026-07-31,backlinker,215.0
valuecoders.com,2327579,483616,8,5019,2026-08-05,,,2579,2026-08-05,64,2026-08-05,1652,2026-07-31,48,2026-07-31,38,2026-07-31,43,2026-07-31,49,2026-07-31,backlinker,135.0
varsity.co.uk,2121148,36876,8,7762,2026-08-05,,,6869,2026-08-05,70,2026-08-05,3162,2026-07-31,51,2026-07-31,49,2026-07-31,65,2026-07-31,52,2026-07-31,needmylink,163.0
wallstreetmojo.com,2371239,553588,8,146629,2026-08-05,,,9497,2026-08-05,74,2026-08-05,5741,2026-07-31,47,2026-07-31,29,2026-07-31,53,2026-07-31,55,2026-07-31,wmlinks,230.0
ynaija.com,2162921,112205,8,7854,2026-08-05,,,2689,2026-08-05,53,2026-08-05,1723,2026-07-31,45,2026-07-31,27,2026-07-31,70,2026-07-31,53,2026-07-31,wmlinks,230.0
activepropertycare.com,2193043,151285,8,10020,2026-08-05,,,1,2026-08-05,61,2026-08-05,794,2026-07-31,37,2026-07-31,25,2026-07-31,33,2026-07-31,37,2026-07-31,backlinker,125.0
americancraftbeer.com,2379712,564973,8,5190,2026-08-05,,,1705,2026-08-05,51,2026-08-05,926,2026-07-31,32,2026-07-31,29,2026-07-31,51,2026-07-31,46,2026-07-31,collaborator,100.0
applemagazine.com,2141564,72746,8,11100,2026-08-05,,,4496,2026-08-05,54,2026-08-05,1536,2026-07-31,43,2026-07-31,24,2026-07-31,73,2026-07-31,50,2026-07-31,needmylink,188.0
artsology.com,2278507,320637,8,20589,2026-08-05,,,1434,2026-08-05,54,2026-08-05,947,2026-07-31,30,2026-07-31,29,2026-07-31,52,2026-07-31,49,2026-07-31,collaborator,100.0
atalayar.com,2129074,48400,8,33358,2026-08-05,,,8014,2026-08-05,68,2026-08-05,4433,2026-07-31,48,2026-07-31,29,2026-07-31,59,2026-07-31,51,2026-07-31,wmlinks,110.0
beardbeasts.com,2270825,311115,8,27111,2026-08-05,,,1601,2026-08-05,62,2026-08-05,455,2026-07-31,43,2026-07-31,23,2026-07-31,56,2026-07-31,43,2026-07-31,wmlinks,185.0
bible-history.com,2244378,234263,8,8395,2026-08-05,,,16890,2026-08-05,67,2026-08-05,3462,2026-07-31,45,2026-07-31,59,2026-07-31,58,2026-07-31,53,2026-07-31,prnews,130.0
cabinzero.com,2214345,182721,8,112697,2026-08-05,,,2030,2026-08-05,55,2026-08-05,1044,2026-07-31,39,2026-07-31,23,2026-07-31,40,2026-07-31,48,2026-07-31,wmlinks,230.0
caramellaapp.com,2239842,228182,8,9173,2026-08-05,,,23405,2026-08-05,70,2026-08-05,5317,2026-07-31,48,2026-07-31,25,2026-07-31,53,2026-07-31,54,2026-07-31,backlinker,115.0
computertechreviews.com,2129941,49398,8,15748,2026-08-05,,,1,2026-08-05,54,2026-08-05,1208,2026-07-31,47,2026-07-31,25,2026-07-31,61,2026-07-31,52,2026-07-31,collaborator,100.0
correodelsur.com,2153901,97998,8,77483,2026-08-05,,,3524,2026-08-05,58,2026-08-05,2252,2026-07-31,50,2026-07-31,30,2026-07-31,64,2026-07-31,52,2026-07-31,collaborator,188.0
cuindependent.com,2310730,461819,8,19201,2026-08-05,,,4352,2026-08-05,54,2026-08-05,1482,2026-07-31,44,2026-07-31,46,2026-07-31,66,2026-07-31,47,2026-07-31,collaborator,149.0
cybersecuritynews.com,2145132,82891,8,9382,2026-08-05,,,11918,2026-08-05,79,2026-08-05,7460,2026-07-31,45,2026-07-31,46,2026-07-31,57,2026-07-31,52,2026-07-31,prnews,247.0
din-studio.com,2381308,566654,8,20161,2026-08-05,,,2546,2026-08-05,50,2026-08-05,538,2026-07-31,29,2026-07-31,22,2026-07-31,28,2026-07-31,41,2026-07-31,wmlinks,122.0
dottedsign.com,2261973,255962,8,15556,2026-08-05,,,1432,2026-08-05,61,2026-08-05,851,2026-07-31,42,2026-07-31,31,2026-07-31,40,2026-07-31,43,2026-07-31,backlinker,165.0
dz.kompass.com,2209303,175372,8,18135,2026-08-05,,,1204,2026-08-05,77,2026-08-05,1040,2026-07-31,16,2026-07-31,25,2026-07-31,68,2026-07-31,49,2026-07-31,collaborator,109.0
easternherald.com,2153093,96974,8,30602,2026-08-05,,,3680,2026-08-05,52,2026-08-05,1888,2026-07-31,45,2026-07-31,26,2026-07-31,68,2026-07-31,45,2026-07-31,backlinker,205.0
educationforallinindia.com,2215857,184754,8,133701,2026-08-05,,,1530,2026-08-05,52,2026-08-05,810,2026-07-31,35,2026-07-31,39,2026-07-31,35,2026-07-31,45,2026-07-31,whitehatlinks,116.0
equirider.fr,2351974,523883,8,9331,2026-08-05,,,551,2026-08-05,55,2026-08-05,468,2026-07-31,36,2026-07-31,34,2026-07-31,17,2026-07-31,31,2026-07-31,whitehatlinks,127.0
fashiongonerogue.com,2115835,28951,8,75216,2026-08-05,,,5602,2026-08-05,70,2026-08-05,3312,2026-07-31,32,2026-07-31,30,2026-07-31,74,2026-07-31,67,2026-07-31,needmylink,120.0
gammastack.com,2285309,335909,8,12295,2026-08-05,,,7135,2026-08-05,58,2026-08-05,3573,2026-07-31,63,2026-07-31,28,2026-07-31,34,2026-07-31,47,2026-07-31,backlinker,163.0
indystar.com,2210560,177060,8,430565,2026-08-05,,,33238,2026-08-05,82,2026-08-05,21604,2026-07-31,47,2026-07-31,45,2026-07-31,83,2026-07-31,61,2026-07-31,collaborator,250.0
jedinews.com,2244467,234381,8,24406,2026-08-05,,,8981,2026-08-05,65,2026-08-05,3449,2026-07-31,36,2026-07-31,30,2026-07-31,47,2026-07-31,49,2026-07-31,prnews,150.0
k9magazine.com,2204240,167336,8,8419,2026-08-05,,,1444,2026-08-05,54,2026-08-05,783,2026-07-31,32,2026-07-31,26,2026-07-31,52,2026-07-31,42,2026-07-31,wmlinks,230.0
laurea.fi,2379518,564776,8,17575,2026-08-05,,,2380,2026-08-05,70,2026-08-05,1540,2026-07-31,48,2026-07-31,56,2026-07-31,50,2026-07-31,48,2026-07-31,backlinker,110.0
legitnetworth.com,2215170,183927,8,21828,2026-08-05,,,2721,2026-08-05,64,2026-08-05,301,2026-07-31,19,2026-07-31,17,2026-07-31,57,2026-07-31,45,2026-07-31,backlinker,135.0
managewp.com,2322722,475212,8,12009,2026-08-05,,,5386,2026-08-05,80,2026-08-05,3689,2026-07-31,47,2026-07-31,34,2026-07-31,57,2026-07-31,58,2026-07-31,wmlinks,100.0
mbaknol.com,2122040,38255,8,17872,2026-08-05,,,3670,2026-08-05,53,2026-08-05,1494,2026-07-31,41,2026-07-31,25,2026-07-31,37,2026-07-31,49,2026-07-31,prnews,195.0
naludamagazine.com,2117465,31602,8,6406,2026-08-05,,,3947,2026-08-05,56,2026-08-05,1069,2026-07-31,27,2026-07-31,27,2026-07-31,59,2026-07-31,49,2026-07-31,wmlinks,100.0
natchezdemocrat.com,2336563,496192,8,36837,2026-08-05,,,6197,2026-08-05,64,2026-08-05,2847,2026-07-31,42,2026-07-31,37,2026-07-31,57,2026-07-31,51,2026-07-31,wmlinks,105.0
niftypm.com,2328547,485184,8,5258,2026-08-05,,,3542,2026-08-05,76,2026-08-05,2630,2026-07-31,37,2026-07-31,26,2026-07-31,43,2026-07-31,53,2026-07-31,backlinker,225.0
nohoartsdistrict.com,2115798,28910,8,13612,2026-08-05,,,3218,2026-08-05,64,2026-08-05,1770,2026-07-31,19,2026-07-31,29,2026-07-31,48,2026-07-31,48,2026-07-31,prnews,104.0
peatix.com,2091345,144894,8,49189,2026-08-05,,,95374,2026-08-05,91,2026-08-05,52248,2026-07-31,62,2026-07-31,50,2026-07-31,90,2026-07-31,68,2026-07-31,backlinker,105.0
peoplespheres.com,2359983,538692,8,20936,2026-08-05,,,4028,2026-08-05,65,2026-08-05,1539,2026-07-31,37,2026-07-31,26,2026-07-31,36,2026-07-31,46,2026-07-31,wmlinks,210.0
pragativadi.com,2125660,43779,8,5185,2026-08-05,,,2678,2026-08-05,55,2026-08-05,1934,2026-07-31,35,2026-07-31,40,2026-07-31,48,2026-07-31,51,2026-07-31,collaborator,225.0
prettyfluffy.com,2102514,1013,8,5924,2026-08-05,,,1361,2026-08-05,51,2026-08-05,737,2026-07-31,40,2026-07-31,22,2026-07-31,50,2026-07-31,49,2026-07-31,wmlinks,187.0
quantumrun.com,2372289,554688,8,226113,2026-08-05,,,4022,2026-08-05,68,2026-08-05,2075,2026-07-31,27,2026-07-31,29,2026-07-31,50,2026-07-31,45,2026-07-31,collaborator,249.0
streetinsider.com,2173751,127360,8,69450,2026-08-05,,,23780,2026-08-05,80,2026-08-05,13964,2026-07-31,50,2026-07-31,37,2026-07-31,83,2026-07-31,58,2026-07-31,wmlinks,100.0
techweez.com,2119586,34623,8,28499,2026-08-05,,,3880,2026-08-05,59,2026-08-05,2278,2026-07-31,47,2026-07-31,26,2026-07-31,61,2026-07-31,51,2026-07-31,needmylink,221.0
theboringmagazine.com,2244794,234856,8,6193,2026-08-05,,,2325,2026-08-05,60,2026-08-05,917,2026-07-31,41,2026-07-31,17,2026-07-31,22,2026-07-31,44,2026-07-31,prnews,143.0
thefutureofthings.com,2102384,620,8,35206,2026-08-05,,,4770,2026-08-05,56,2026-08-05,1794,2026-07-31,39,2026-07-31,50,2026-07-31,57,2026-07-31,51,2026-07-31,wmlinks,110.0
ummid.com,2154295,98457,8,10366,2026-08-05,,,1753,2026-08-05,50,2026-08-05,982,2026-07-31,39,2026-07-31,22,2026-07-31,55,2026-07-31,49,2026-07-31,prnews,103.0
veteriankey.com,2370195,550942,8,27972,2026-08-05,,,2335,2026-08-05,57,2026-08-05,1432,2026-07-31,40,2026-07-31,24,2026-07-31,48,2026-07-31,50,2026-07-31,prnews,221.0
wanderwithwonder.com,2148569,91808,8,8582,2026-08-05,,,1112,2026-08-05,53,2026-08-05,574,2026-07-31,33,2026-07-31,28,2026-07-31,40,2026-07-31,43,2026-07-31,needmylink,233.0
zekagraphic.com,2154068,98202,8,6826,2026-08-05,,,1068,2026-08-05,65,2026-08-05,643,2026-07-31,44,2026-07-31,23,2026-07-31,37,2026-07-31,42,2026-07-31,backlinker,147.0
addicted2success.com,2244873,234962,8,9666,2026-08-05,,,3636,2026-08-05,70,2026-08-05,2542,2026-07-31,36,2026-07-31,27,2026-07-31,62,2026-07-31,57,2026-07-31,backlinker,185.0
ahmedabadmirror.com,2249137,239887,8,14179,2026-08-05,,,5860,2026-08-05,72,2026-08-05,3217,2026-07-31,47,2026-07-31,49,2026-07-31,59,2026-07-31,52,2026-07-31,wmlinks,185.0
aichief.com,2381239,566582,8,13847,2026-08-05,,,3037,2026-08-05,55,2026-08-05,904,2026-07-31,37,2026-07-31,19,2026-07-31,33,2026-07-31,43,2026-07-31,whitehatlinks,116.0
aliensync.com,2193099,151342,8,7166,2026-08-05,,,3775,2026-08-05,69,2026-08-05,963,2026-07-31,37,2026-07-31,16,2026-07-31,28,2026-07-31,44,2026-07-31,prnews,130.0
azscore.com,2289946,353240,8,37669,2026-08-05,,,6321,2026-08-05,72,2026-08-05,2835,2026-07-31,47,2026-07-31,30,2026-07-31,40,2026-07-31,53,2026-07-31,wmlinks,230.0
beerconnoisseur.com,2149495,92805,8,11926,2026-08-05,,,5668,2026-08-05,63,2026-08-05,2537,2026-07-31,49,2026-07-31,31,2026-07-31,56,2026-07-31,51,2026-07-31,needmylink,166.0
besttarahi.com,2270118,310194,8,67359,2026-08-05,,,1751,2026-08-05,69,2026-08-05,833,2026-07-31,39,2026-07-31,11,2026-07-31,31,2026-07-31,35,2026-07-31,wmlinks,160.0
brafton.com,2244520,234450,8,75819,2026-08-05,,,6953,2026-08-05,79,2026-08-05,4934,2026-07-31,39,2026-07-31,30,2026-07-31,59,2026-07-31,54,2026-07-31,backlinker,185.0
breakintoenglish.com,2369490,549933,8,58334,2026-08-05,,,1216,2026-08-05,57,2026-08-05,563,2026-07-31,37,2026-07-31,27,2026-07-31,28,2026-07-31,33,2026-07-31,wmlinks,208.0
campaignsoftheworld.com,2381225,566567,8,16315,2026-08-05,,,2059,2026-08-05,61,2026-08-05,1204,2026-07-31,28,2026-07-31,24,2026-07-31,47,2026-07-31,48,2026-07-31,whitehatlinks,121.0
deeside.com,2207710,173584,8,8510,2026-08-05,,,1910,2026-08-05,52,2026-08-05,956,2026-07-31,39,2026-07-31,32,2026-07-31,48,2026-07-31,47,2026-07-31,wmlinks,171.0
dicloak.com,2381052,566380,8,66839,2026-08-05,,,5184,2026-08-05,59,2026-08-05,1716,2026-07-31,56,2026-07-31,28,2026-07-31,34,2026-07-31,44,2026-07-31,whitehatlinks,138.0
drivespark.com,2240950,229855,8,352520,2026-08-05,,,4562,2026-08-05,61,2026-08-05,1857,2026-07-31,42,2026-07-31,44,2026-07-31,60,2026-07-31,53,2026-07-31,collaborator,250.0
earthreminder.com,2199814,161359,8,57953,2026-08-05,,,1263,2026-08-05,51,2026-08-05,651,2026-07-31,38,2026-07-31,21,2026-07-31,39,2026-07-31,45,2026-07-31,whitehatlinks,110.0
filmshortage.com,2153531,97507,8,7739,2026-08-05,,,3678,2026-08-05,72,2026-08-05,1617,2026-07-31,46,2026-07-31,22,2026-07-31,49,2026-07-31,47,2026-07-31,whitehatlinks,193.0
gfxmaker.com,2238691,224400,8,5131,2026-08-05,,,1883,2026-08-05,61,2026-08-05,1114,2026-07-31,41,2026-07-31,22,2026-07-31,29,2026-07-31,41,2026-07-31,backlinker,165.0
golocad.com,2301785,443239,8,21482,2026-08-05,,,3443,2026-08-05,60,2026-08-05,814,2026-07-31,46,2026-07-31,23,2026-07-31,35,2026-07-31,46,2026-07-31,backlinker,135.0
goodmooddotcom.com,2213903,181736,8,8562,2026-08-05,,,1385,2026-08-05,74,2026-08-05,1188,2026-07-31,39,2026-07-31,23,2026-07-31,44,2026-07-31,48,2026-07-31,whitehatlinks,105.0
grossoptions.com,2302043,443778,8,17558,2026-08-05,,,1225,2026-08-05,52,2026-08-05,428,2026-07-31,37,2026-07-31,16,2026-07-31,23,2026-07-31,34,2026-07-31,needmylink,109.0
huliq.com,2166718,116980,8,13531,2026-08-05,,,3031,2026-08-05,57,2026-08-05,1713,2026-07-31,44,2026-07-31,27,2026-07-31,60,2026-07-31,48,2026-07-31,wmlinks,150.0
in.kompass.com,2209313,175382,8,21559,2026-08-05,,,2853,2026-08-05,77,2026-08-05,523,2026-07-31,23,2026-07-31,25,2026-07-31,68,2026-07-31,54,2026-07-31,collaborator,109.0
incollect.com,2259628,252992,8,25278,2026-08-05,,,4218,2026-08-05,70,2026-08-05,1354,2026-07-31,43,2026-07-31,33,2026-07-31,58,2026-07-31,52,2026-07-31,backlinker,115.0
k9sportsack.com,2237276,222856,8,26858,2026-08-05,,,1257,2026-08-05,52,2026-08-05,605,2026-07-31,36,2026-07-31,23,2026-07-31,46,2026-07-31,46,2026-07-31,wmlinks,166.0
kalkinemedia.com,2239782,228090,8,647247,2026-08-05,,,4083,2026-08-05,68,2026-08-05,2482,2026-07-31,42,2026-07-31,32,2026-07-31,59,2026-07-31,51,2026-07-31,wmlinks,190.0
lambdafilms.co.uk,2325475,480668,8,6735,2026-08-05,,,1011,2026-08-05,52,2026-08-05,569,2026-07-31,40,2026-07-31,25,2026-07-31,41,2026-07-31,38,2026-07-31,whitehatlinks,185.0
letterboxd.com,2096667,355308,8,11070635,2026-08-05,,,71514,2026-08-05,89,2026-08-05,35516,2026-07-31,64,2026-07-31,60,2026-07-31,85,2026-07-31,68,2026-07-31,backlinker,110.0
logicballs.com,2369688,550201,8,13905,2026-08-05,,,3411,2026-08-05,58,2026-08-05,1582,2026-07-31,43,2026-07-31,22,2026-07-31,49,2026-07-31,47,2026-07-31,whitehatlinks,193.0
loudandclearreviews.com,2195739,155293,8,31893,2026-08-05,,,2123,2026-08-05,54,2026-08-05,836,2026-07-31,44,2026-07-31,29,2026-07-31,47,2026-07-31,44,2026-07-31,wmlinks,130.0
marriage.com,2102468,854,8,494448,2026-08-05,,,14083,2026-08-05,75,2026-08-05,7541,2026-07-31,54,2026-07-31,31,2026-07-31,66,2026-07-31,57,2026-07-31,backlinker,205.0
masterrealtysolutions.com,2266102,261691,8,8307,2026-08-05,,,1965,2026-08-05,52,2026-08-05,517,2026-07-31,39,2026-07-31,21,2026-07-31,21,2026-07-31,42,2026-07-31,backlinker,105.0
morebusiness.com,2141617,72940,8,7392,2026-08-05,,,1876,2026-08-05,58,2026-08-05,1247,2026-07-31,43,2026-07-31,32,2026-07-31,47,2026-07-31,48,2026-07-31,backlinker,235.0
padlet.com,2090658,103,8,759630,2026-08-05,,,92678,2026-08-05,90,2026-08-05,45932,2026-07-31,65,2026-07-31,50,2026-07-31,89,2026-07-31,75,2026-07-31,backlinker,110.0
playmyworld.com,2169785,121967,8,58415,2026-08-05,,,4837,2026-08-05,70,2026-08-05,1388,2026-07-31,38,2026-07-31,31,2026-07-31,36,2026-07-31,46,2026-07-31,needmylink,100.0
premiumjoy.com,2274149,315015,8,17176,2026-08-05,,,1926,2026-08-05,57,2026-08-05,1159,2026-07-31,36,2026-07-31,21,2026-07-31,31,2026-07-31,44,2026-07-31,wmlinks,140.0
ritzherald.com,2153479,97440,8,6724,2026-08-05,,,6816,2026-08-05,70,2026-08-05,1994,2026-07-31,36,2026-07-31,26,2026-07-31,56,2026-07-31,51,2026-07-31,wmlinks,120.0
rutlandherald.com,2379652,564912,8,32711,2026-08-05,,,7676,2026-08-05,71,2026-08-05,3754,2026-07-31,41,2026-07-31,46,2026-07-31,62,2026-07-31,51,2026-07-31,prnews,117.0
scalefusion.com,2261966,255948,8,58743,2026-08-05,,,6930,2026-08-05,74,2026-08-05,3348,2026-07-31,48,2026-07-31,29,2026-07-31,52,2026-07-31,53,2026-07-31,backlinker,185.0
sogolytics.com,2287528,349251,8,22785,2026-08-05,,,3283,2026-08-05,74,2026-08-05,1425,2026-07-31,36,2026-07-31,35,2026-07-31,55,2026-07-31,45,2026-07-31,backlinker,215.0
stageandcinema.com,2148126,91266,8,17945,2026-08-05,,,6231,2026-08-05,69,2026-08-05,2433,2026-07-31,52,2026-07-31,32,2026-07-31,45,2026-07-31,49,2026-07-31,wmlinks,180.0
techfelts.com,2375529,559092,8,8871,2026-08-05,,,3413,2026-08-05,70,2026-08-05,225,2026-07-31,27,2026-07-31,30,2026-07-31,40,2026-07-31,38,2026-07-31,collaborator,100.0
techslassh.com,2379959,565245,8,552871,2026-08-05,,,996,2026-08-05,68,2026-08-05,403,2026-07-31,31,2026-07-31,18,2026-07-31,42,2026-07-31,39,2026-07-31,wmlinks,110.0
theodysseyonline.com,2147509,90128,8,83848,2026-08-05,,,20102,2026-08-05,76,2026-08-05,10138,2026-07-31,47,2026-07-31,30,2026-07-31,86,2026-07-31,60,2026-07-31,needmylink,211.0
troopmessenger.com,2167514,117909,8,36338,2026-08-05,,,2394,2026-08-05,70,2026-08-05,1487,2026-07-31,47,2026-07-31,24,2026-07-31,40,2026-07-31,48,2026-07-31,collaborator,130.0
tycoonstory.com,2120804,36391,8,6109,2026-08-05,,,5564,2026-08-05,70,2026-08-05,2156,2026-07-31,42,2026-07-31,25,2026-07-31,72,2026-07-31,51,2026-07-31,wmlinks,130.0
urbanasian.com,2121018,36695,8,6146,2026-08-05,,,4442,2026-08-05,52,2026-08-05,1448,2026-07-31,28,2026-07-31,25,2026-07-31,44,2026-07-31,49,2026-07-31,wmlinks,110.0
vforvibes.com,2272870,313232,8,22855,2026-08-05,,,2231,2026-08-05,54,2026-08-05,741,2026-07-31,34,2026-07-31,21,2026-07-31,32,2026-07-31,41,2026-07-31,needmylink,142.0
wearetravelgirls.com,2117570,31740,8,10406,2026-08-05,,,1366,2026-08-05,53,2026-08-05,842,2026-07-31,34,2026-07-31,21,2026-07-31,41,2026-07-31,47,2026-07-31,wmlinks,165.0
bageltechnews.com,2193584,151871,8,14216,2026-08-05,,,1632,2026-08-05,54,2026-08-05,721,2026-07-31,37,2026-07-31,19,2026-07-31,24,2026-07-31,41,2026-07-31,prnews,130.0
bhootkikahani.com,2374888,558390,8,13228,2026-08-05,,,633,2026-08-05,52,2026-08-05,159,2026-07-31,16,2026-07-31,16,2026-07-31,43,2026-07-31,41,2026-07-31,wmlinks,130.0
canyongross.com,2291285,423003,8,10411,2026-08-05,,,1633,2026-08-05,55,2026-08-05,753,2026-07-31,41,2026-07-31,11,2026-07-31,20,2026-07-31,36,2026-07-31,wmlinks,105.0
charfen.co.uk,2379952,565238,8,5461,2026-08-05,,,280,2026-08-05,55,2026-08-05,69,2026-07-31,15,2026-07-31,29,2026-07-31,44,2026-07-31,35,2026-07-31,wmlinks,130.0
dk.kompass.com,2209306,175375,8,6101,2026-08-05,,,681,2026-08-05,77,2026-08-05,584,2026-07-31,19,2026-07-31,25,2026-07-31,68,2026-07-31,49,2026-07-31,collaborator,109.0
einpresswire.com,2239690,227969,8,25892,2026-08-05,,,41261,2026-08-05,88,2026-08-05,25464,2026-07-31,60,2026-07-31,44,2026-07-31,71,2026-07-31,58,2026-07-31,wmlinks,130.0
estateagenttoday.co.uk,2121869,37994,8,5407,2026-08-05,,,2797,2026-08-05,70,2026-08-05,1717,2026-07-31,33,2026-07-31,30,2026-07-31,49,2026-07-31,47,2026-07-31,prnews,211.0
finnandemma.com,2247017,237411,8,8404,2026-08-05,,,1773,2026-08-05,51,2026-08-05,887,2026-07-31,41,2026-07-31,26,2026-07-31,40,2026-07-31,47,2026-07-31,backlinker,135.0
fishduck.com,2163491,112891,8,15826,2026-08-05,,,15630,2026-08-05,72,2026-08-05,10254,2026-07-31,65,2026-07-31,29,2026-07-31,49,2026-07-31,46,2026-07-31,backlinker,135.0
gamegrin.com,2164921,114674,8,35115,2026-08-05,,,6384,2026-08-05,57,2026-08-05,2546,2026-07-31,56,2026-07-31,25,2026-07-31,55,2026-07-31,52,2026-07-31,backlinker,235.0
gemtracks.com,2195678,155226,8,8041,2026-08-05,,,2596,2026-08-05,54,2026-08-05,1671,2026-07-31,40,2026-07-31,39,2026-07-31,49,2026-07-31,49,2026-07-31,needmylink,106.0
georgeherald.com,2172958,126453,8,5686,2026-08-05,,,2784,2026-08-05,51,2026-08-05,1156,2026-07-31,26,2026-07-31,22,2026-07-31,48,2026-07-31,46,2026-07-31,prnews,193.0
growthscribe.com,2296402,432780,8,78825,2026-08-05,,,2127,2026-08-05,64,2026-08-05,869,2026-07-31,42,2026-07-31,20,2026-07-31,42,2026-07-31,45,2026-07-31,collaborator,230.0
hevodata.com,2286232,341542,8,9268,2026-08-05,,,4844,2026-08-05,76,2026-08-05,3710,2026-07-31,51,2026-07-31,23,2026-07-31,42,2026-07-31,54,2026-07-31,wmlinks,200.0
icon-era.com,2372278,554677,8,87705,2026-08-05,,,4872,2026-08-05,57,2026-08-05,1694,2026-07-31,38,2026-07-31,28,2026-07-31,49,2026-07-31,41,2026-07-31,collaborator,249.0
idealmagazine.co.uk,2119041,33863,8,5066,2026-08-05,,,1979,2026-08-05,50,2026-08-05,947,2026-07-31,41,2026-07-31,27,2026-07-31,41,2026-07-31,47,2026-07-31,wmlinks,124.0
kidsworldfun.com,2193512,151789,8,6066,2026-08-05,,,1879,2026-08-05,51,2026-08-05,1051,2026-07-31,44,2026-07-31,27,2026-07-31,45,2026-07-31,50,2026-07-31,needmylink,100.0
kulfiy.com,2139816,68858,8,28257,2026-08-05,,,5286,2026-08-05,61,2026-08-05,1444,2026-07-31,43,2026-07-31,25,2026-07-31,71,2026-07-31,48,2026-07-31,prnews,137.0
lawbhoomi.com,2261471,255042,8,70888,2026-08-05,,,1,2026-08-05,54,2026-08-05,1736,2026-07-31,42,2026-07-31,21,2026-07-31,34,2026-07-31,46,2026-07-31,needmylink,102.0
logicalshout.com,2216295,186091,8,9793,2026-08-05,,,2019,2026-08-05,62,2026-08-05,885,2026-07-31,39,2026-07-31,20,2026-07-31,26,2026-07-31,41,2026-07-31,prnews,143.0
majinoukari.com,2357792,534755,8,10024,2026-08-05,,,834,2026-08-05,51,2026-08-05,404,2026-07-31,35,2026-07-31,3,2026-07-31,18,2026-07-31,30,2026-07-31,needmylink,105.0
manatal.com,2325595,480831,8,48365,2026-08-05,,,4231,2026-08-05,72,2026-08-05,2951,2026-07-31,49,2026-07-31,34,2026-07-31,36,2026-07-31,48,2026-07-31,backlinker,225.0
mediainfoline.com,2146823,88000,8,9593,2026-08-05,,,3388,2026-08-05,61,2026-08-05,744,2026-07-31,24,2026-07-31,27,2026-07-31,36,2026-07-31,45,2026-07-31,wmlinks,180.0
microbenotes.com,2201202,163470,8,413171,2026-08-05,,,3113,2026-08-05,61,2026-08-05,2053,2026-07-31,32,2026-07-31,26,2026-07-31,46,2026-07-31,51,2026-07-31,backlinker,247.0
mobilehomeexteriors.com,2284081,328475,8,8999,2026-08-05,,,3263,2026-08-05,58,2026-08-05,370,2026-07-31,33,2026-07-31,17,2026-07-31,18,2026-07-31,38,2026-07-31,prnews,143.0
money6x.com,2322773,475264,8,44603,2026-08-05,,,1905,2026-08-05,62,2026-08-05,579,2026-07-31,43,2026-07-31,38,2026-07-31,54,2026-07-31,52,2026-07-31,wmlinks,180.0
mystrikingly.com,2100316,445891,8,433292,2026-08-05,,,134091,2026-08-05,89,2026-08-05,63738,2026-07-31,57,2026-07-31,45,2026-07-31,93,2026-07-31,67,2026-07-31,backlinker,110.0
onthisveryspot.com,2162302,111446,8,6787,2026-08-05,,,2190,2026-08-05,56,2026-08-05,1020,2026-07-31,41,2026-07-31,22,2026-07-31,36,2026-07-31,46,2026-07-31,needmylink,105.0
perfectdomain.com,2357771,534733,8,5627,2026-08-05,,,64008,2026-08-05,88,2026-08-05,66377,2026-07-31,72,2026-07-31,78,2026-07-31,93,2026-07-31,67,2026-07-31,needmylink,183.0
rayhaber.com,2153257,97167,8,24274,2026-08-05,,,2747,2026-08-05,50,2026-08-05,1306,2026-07-31,42,2026-07-31,31,2026-07-31,49,2026-07-31,50,2026-07-31,wmlinks,130.0
retail-insider.com,2117590,31767,8,18855,2026-08-05,,,5298,2026-08-05,75,2026-08-05,3059,2026-07-31,47,2026-07-31,31,2026-07-31,56,2026-07-31,51,2026-07-31,wmlinks,170.0
roi-nj.com,2276446,317676,8,6004,2026-08-05,,,6920,2026-08-05,74,2026-08-05,3024,2026-07-31,46,2026-07-31,36,2026-07-31,54,2026-07-31,49,2026-07-31,backlinker,120.0
rubryka.com,2114691,26617,8,40809,2026-08-05,,,6993,2026-08-05,65,2026-08-05,3424,2026-07-31,38,2026-07-31,30,2026-07-31,52,2026-07-31,52,2026-07-31,needmylink,146.0
simpleshow.com,2161861,110702,8,33703,2026-08-05,,,3901,2026-08-05,74,2026-08-05,2216,2026-07-31,35,2026-07-31,29,2026-07-31,40,2026-07-31,52,2026-07-31,needmylink,162.0
sj-r.com,2211494,178482,8,54026,2026-08-05,,,11916,2026-08-05,74,2026-08-05,6504,2026-07-31,38,2026-07-31,40,2026-07-31,75,2026-07-31,55,2026-07-31,wmlinks,140.0
startupbooted.com,2272481,312827,8,26991,2026-08-05,,,5094,2026-08-05,70,2026-08-05,783,2026-07-31,18,2026-07-31,26,2026-07-31,57,2026-07-31,41,2026-07-31,collaborator,230.0
sweetsofties.com,2153941,98048,8,10665,2026-08-05,,,4578,2026-08-05,51,2026-08-05,1404,2026-07-31,45,2026-07-31,26,2026-07-31,35,2026-07-31,44,2026-07-31,wmlinks,110.0
tagembed.com,2273442,314181,8,9288,2026-08-05,,,6346,2026-08-05,79,2026-08-05,2385,2026-07-31,47,2026-07-31,45,2026-07-31,34,2026-07-31,49,2026-07-31,backlinker,205.0
technext24.com,2248539,238986,8,17243,2026-08-05,,,2658,2026-08-05,61,2026-08-05,1783,2026-07-31,33,2026-07-31,27,2026-07-31,47,2026-07-31,43,2026-07-31,wmlinks,186.0
tellyexpress.com,2159895,107589,8,174931,2026-08-05,,,5782,2026-08-05,53,2026-08-05,1725,2026-07-31,37,2026-07-31,21,2026-07-31,62,2026-07-31,51,2026-07-31,wmlinks,130.0
thedailyreview.com,2379657,564917,8,14812,2026-08-05,,,3690,2026-08-05,51,2026-08-05,1203,2026-07-31,32,2026-07-31,41,2026-07-31,52,2026-07-31,48,2026-07-31,prnews,117.0
themindsjournal.com,2126050,44278,8,42943,2026-08-05,,,4056,2026-08-05,62,2026-08-05,2582,2026-07-31,41,2026-07-31,28,2026-07-31,68,2026-07-31,55,2026-07-31,prnews,178.0
thesims3.com,2147399,89763,8,23160,2026-08-05,,,13354,2026-08-05,64,2026-08-05,4779,2026-07-31,37,2026-07-31,29,2026-07-31,70,2026-07-31,56,2026-07-31,backlinker,115.0
tinyemail.com,2322746,475236,8,5771,2026-08-05,,,914,2026-08-05,65,2026-08-05,441,2026-07-31,38,2026-07-31,23,2026-07-31,37,2026-07-31,41,2026-07-31,wmlinks,130.0
ua.igotoworld.com,2104568,5429,8,14263,2026-08-05,,,1363,2026-08-05,52,2026-08-05,817,2026-07-31,38,2026-07-31,44,2026-07-31,48,2026-07-31,46,2026-07-31,collaborator,129.0
venasbet.com,2272853,313215,8,124383,2026-08-05,,,5481,2026-08-05,53,2026-08-05,2499,2026-07-31,44,2026-07-31,26,2026-07-31,19,2026-07-31,51,2026-07-31,collaborator,200.0
wboc.com,2125217,43199,8,41109,2026-08-05,,,10362,2026-08-05,73,2026-08-05,4781,2026-07-31,40,2026-07-31,41,2026-07-31,79,2026-07-31,54,2026-07-31,backlinker,125.0
5starsstocks.com,2319605,471732,8,39047,2026-08-05,,,7004,2026-08-05,54,2026-08-05,1561,2026-07-31,17,2026-07-31,20,2026-07-31,43,2026-07-31,57,2026-07-31,wmlinks,180.0
abouttimemagazine.co.uk,2117572,31743,8,35407,2026-08-05,,,1361,2026-08-05,53,2026-08-05,702,2026-07-31,35,2026-07-31,26,2026-07-31,53,2026-07-31,46,2026-07-31,wmlinks,230.0
apps.uk,2255497,247913,8,20320,2026-08-05,,,1169,2026-08-05,57,2026-08-05,321,2026-07-31,28,2026-07-31,24,2026-07-31,45,2026-07-31,44,2026-07-31,needmylink,128.0
betterthisworld.com,2117604,31797,8,33978,2026-08-05,,,4516,2026-08-05,71,2026-08-05,1562,2026-07-31,41,2026-07-31,33,2026-07-31,56,2026-07-31,51,2026-07-31,needmylink,133.0
birdeye.com,2379140,564393,8,629223,2026-08-05,,,28038,2026-08-05,86,2026-08-05,13812,2026-07-31,53,2026-07-31,43,2026-07-31,55,2026-07-31,64,2026-07-31,backlinker,110.0
breakingtravelnews.com,2178113,132380,8,9554,2026-08-05,,,9493,2026-08-05,73,2026-08-05,5512,2026-07-31,60,2026-07-31,35,2026-07-31,65,2026-07-31,54,2026-07-31,prnews,174.0
canarianweekly.com,2244769,234826,8,9726,2026-08-05,,,3653,2026-08-05,56,2026-08-05,1922,2026-07-31,45,2026-07-31,27,2026-07-31,56,2026-07-31,49,2026-07-31,wmlinks,130.0
celebsdump.com,2357661,534619,8,5425,2026-08-05,,,994,2026-08-05,53,2026-08-05,490,2026-07-31,55,2026-07-31,29,2026-07-31,33,2026-07-31,44,2026-07-31,backlinker,190.0
crypto30x.com,2291751,426625,8,16128,2026-08-05,,,9011,2026-08-05,53,2026-08-05,1983,2026-07-31,17,2026-07-31,20,2026-07-31,33,2026-07-31,59,2026-07-31,wmlinks,180.0
cryptwerk.com,2129150,48477,8,11375,2026-08-05,,,10948,2026-08-05,71,2026-08-05,3346,2026-07-31,41,2026-07-31,36,2026-07-31,37,2026-07-31,53,2026-07-31,needmylink,129.0
dentaltown.com,2195720,155272,8,6040,2026-08-05,,,2822,2026-08-05,70,2026-08-05,1648,2026-07-31,44,2026-07-31,30,2026-07-31,46,2026-07-31,50,2026-07-31,whitehatlinks,121.0
devozki.com,2301693,443143,8,399149,2026-08-05,,,4439,2026-08-05,71,2026-08-05,2085,2026-07-31,64,2026-07-31,25,2026-07-31,52,2026-07-31,48,2026-07-31,needmylink,206.0
diyworld4life.com,2359456,537111,8,6200,2026-08-05,,,946,2026-08-05,54,2026-08-05,335,2026-07-31,32,2026-07-31,3,2026-07-31,20,2026-07-31,28,2026-07-31,prnews,130.0
electronmagazine.com,2246881,237272,8,8266,2026-08-05,,,2310,2026-08-05,56,2026-08-05,879,2026-07-31,38,2026-07-31,19,2026-07-31,24,2026-07-31,47,2026-07-31,prnews,104.0
eplindex.com,2121502,37431,8,79073,2026-08-05,,,3987,2026-08-05,71,2026-08-05,1466,2026-07-31,36,2026-07-31,33,2026-07-31,55,2026-07-31,49,2026-07-31,needmylink,222.0
eurobasket.com,2263551,258774,8,341953,2026-08-05,,,8588,2026-08-05,67,2026-08-05,4036,2026-07-31,30,2026-07-31,41,2026-07-31,62,2026-07-31,54,2026-07-31,wmlinks,240.0
exeleonmagazine.com,2212278,179419,8,31172,2026-08-05,,,2605,2026-08-05,56,2026-08-05,1480,2026-07-31,36,2026-07-31,27,2026-07-31,29,2026-07-31,47,2026-07-31,wmlinks,105.0
fictionhorizon.com,2260369,253830,8,20840,2026-08-05,,,5623,2026-08-05,60,2026-08-05,2539,2026-07-31,47,2026-07-31,29,2026-07-31,55,2026-07-31,53,2026-07-31,prnews,225.0
fightmatrix.com,2145125,82883,8,47169,2026-08-05,,,5639,2026-08-05,72,2026-08-05,1886,2026-07-31,46,2026-07-31,26,2026-07-31,49,2026-07-31,47,2026-07-31,collaborator,150.0
freewebsubmission.com,2226967,205266,8,26493,2026-08-05,,,3200,2026-08-05,74,2026-08-05,2277,2026-07-31,38,2026-07-31,34,2026-07-31,48,2026-07-31,68,2026-07-31,backlinker,135.0
historyfiles.co.uk,2195709,155261,8,6206,2026-08-05,,,4727,2026-08-05,54,2026-08-05,1809,2026-07-31,47,2026-07-31,35,2026-07-31,53,2026-07-31,47,2026-07-31,collaborator,100.0
homerocketrealty.com,2260101,253539,8,17526,2026-08-05,,,1080,2026-08-05,56,2026-08-05,443,2026-07-31,32,2026-07-31,16,2026-07-31,16,2026-07-31,39,2026-07-31,whitehatlinks,121.0
ismartrecruit.com,2273759,314548,8,6296,2026-08-05,,,2464,2026-08-05,68,2026-08-05,1561,2026-07-31,44,2026-07-31,29,2026-07-31,39,2026-07-31,47,2026-07-31,wmlinks,150.0
jivochat.com,2214376,182780,8,81456,2026-08-05,,,3890,2026-08-05,77,2026-08-05,1990,2026-07-31,47,2026-07-31,30,2026-07-31,42,2026-07-31,48,2026-07-31,collaborator,200.0
lessinvest.com,2307689,458605,8,14127,2026-08-05,,,1335,2026-08-05,55,2026-08-05,601,2026-07-31,39,2026-07-31,37,2026-07-31,37,2026-07-31,45,2026-07-31,wmlinks,155.0
lrmonline.com,2267417,306365,8,24211,2026-08-05,,,4190,2026-08-05,54,2026-08-05,1949,2026-07-31,33,2026-07-31,27,2026-07-31,66,2026-07-31,51,2026-07-31,wmlinks,135.0
naturaplug.com,2270239,310342,8,21380,2026-08-05,,,1758,2026-08-05,56,2026-08-05,632,2026-07-31,39,2026-07-31,14,2026-07-31,18,2026-07-31,37,2026-07-31,needmylink,109.0
newsonjapan.com,2130103,49624,8,6929,2026-08-05,,,3240,2026-08-05,57,2026-08-05,2453,2026-07-31,51,2026-07-31,56,2026-07-31,63,2026-07-31,50,2026-07-31,prnews,195.0
noobfeed.com,2118821,33499,8,8608,2026-08-05,,,4429,2026-08-05,53,2026-08-05,1634,2026-07-31,50,2026-07-31,30,2026-07-31,62,2026-07-31,49,2026-07-31,needmylink,200.0
paystubsnow.com,2210978,177665,8,6336,2026-08-05,,,2642,2026-08-05,56,2026-08-05,1449,2026-07-31,44,2026-07-31,21,2026-07-31,41,2026-07-31,46,2026-07-31,prnews,234.0
practicetestgeeks.com,2308302,459247,8,7066,2026-08-05,,,4173,2026-08-05,72,2026-08-05,2027,2026-07-31,44,2026-07-31,27,2026-07-31,38,2026-07-31,48,2026-07-31,wmlinks,150.0
ripplesnigeria.com,2162540,111766,8,21997,2026-08-05,,,3619,2026-08-05,57,2026-08-05,3227,2026-07-31,46,2026-07-31,26,2026-07-31,49,2026-07-31,50,2026-07-31,needmylink,191.0
sacnilk.com,2259212,252490,8,1876574,2026-08-05,,,3826,2026-08-05,66,2026-08-05,1534,2026-07-31,45,2026-07-31,22,2026-07-31,40,2026-07-31,50,2026-07-31,prnews,137.0
seosandwitch.com,2153246,97154,8,10155,2026-08-05,,,4961,2026-08-05,72,2026-08-05,2197,2026-07-31,28,2026-07-31,23,2026-07-31,39,2026-07-31,49,2026-07-31,needmylink,106.0
socialbu.com,2217349,187986,8,54201,2026-08-05,,,2630,2026-08-05,68,2026-08-05,1550,2026-07-31,44,2026-07-31,24,2026-07-31,34,2026-07-31,49,2026-07-31,backlinker,235.0
techoelite.com,2248548,238995,8,7423,2026-08-05,,,2114,2026-08-05,64,2026-08-05,837,2026-07-31,40,2026-07-31,15,2026-07-31,28,2026-07-31,38,2026-07-31,whitehatlinks,151.0
totalfratmove.com,2249496,240346,8,7903,2026-08-05,,,17866,2026-08-05,63,2026-08-05,3164,2026-07-31,39,2026-07-31,19,2026-07-31,64,2026-07-31,57,2026-07-31,collaborator,119.0
tothe92.co.uk,2213332,180716,8,14047,2026-08-05,,,2981,2026-08-05,64,2026-08-05,1302,2026-07-31,39,2026-07-31,39,2026-07-31,69,2026-07-31,42,2026-07-31,wmlinks,193.0
trillmag.com,2121023,36701,8,14720,2026-08-05,,,4610,2026-08-05,55,2026-08-05,1654,2026-07-31,44,2026-07-31,27,2026-07-31,46,2026-07-31,46,2026-07-31,backlinker,145.0
triptipedia.com,2167489,117875,8,6466,2026-08-05,,,4872,2026-08-05,50,2026-08-05,1587,2026-07-31,41,2026-07-31,22,2026-07-31,43,2026-07-31,48,2026-07-31,wmlinks,180.0
victorspredict.com,2254303,246458,8,200008,2026-08-05,,,5588,2026-08-05,50,2026-08-05,2049,2026-07-31,46,2026-07-31,25,2026-07-31,56,2026-07-31,51,2026-07-31,backlinker,135.0
whatutalkingboutwillis.com,2115430,28414,8,26403,2026-08-05,,,2102,2026-08-05,71,2026-08-05,1201,2026-07-31,38,2026-07-31,24,2026-07-31,29,2026-07-31,48,2026-07-31,needmylink,156.0
777score.com,2289947,353241,8,17562,2026-08-05,,,12279,2026-08-05,63,2026-08-05,2844,2026-07-31,41,2026-07-31,29,2026-07-31,40,2026-07-31,55,2026-07-31,wmlinks,160.0
adultscare.com,2261953,255929,8,123645,2026-08-05,,,5108,2026-08-05,65,2026-08-05,1226,2026-07-31,49,2026-07-31,26,2026-07-31,35,2026-07-31,45,2026-07-31,collaborator,130.0
blackpoolgazette.co.uk,2172466,125914,8,45133,2026-08-05,,,5065,2026-08-05,70,2026-08-05,3616,2026-07-31,56,2026-07-31,53,2026-07-31,76,2026-07-31,52,2026-07-31,backlinker,226.0
builtinla.com,2238663,224371,8,49196,2026-08-05,,,4988,2026-08-05,70,2026-08-05,1743,2026-07-31,44,2026-07-31,28,2026-07-31,56,2026-07-31,49,2026-07-31,backlinker,195.0
business-money.com,2116983,30790,8,5819,2026-08-05,,,4067,2026-08-05,71,2026-08-05,2081,2026-07-31,30,2026-07-31,28,2026-07-31,41,2026-07-31,47,2026-07-31,collaborator,130.0
clickasnap.com,2198655,159696,8,52084,2026-08-05,,,16051,2026-08-05,67,2026-08-05,4808,2026-07-31,65,2026-07-31,27,2026-07-31,54,2026-07-31,52,2026-07-31,needmylink,139.0
cloudysocial.com,2193083,151326,8,6870,2026-08-05,,,1118,2026-08-05,52,2026-08-05,481,2026-07-31,32,2026-07-31,24,2026-07-31,27,2026-07-31,38,2026-07-31,prnews,104.0
clubhubuk.co.uk,2246580,236962,8,10622,2026-08-05,,,1118,2026-08-05,56,2026-08-05,620,2026-07-31,27,2026-07-31,30,2026-07-31,55,2026-07-31,45,2026-07-31,needmylink,211.0
daijiworld.com,2153570,97553,8,14764,2026-08-05,,,8108,2026-08-05,72,2026-08-05,4632,2026-07-31,43,2026-07-31,32,2026-07-31,63,2026-07-31,55,2026-07-31,backlinker,155.0
devglan.com,2207847,173729,8,28040,2026-08-05,,,7070,2026-08-05,67,2026-08-05,2792,2026-07-31,46,2026-07-31,23,2026-07-31,45,2026-07-31,46,2026-07-31,backlinker,184.0
drawspace.com,2185879,142448,8,16440,2026-08-05,,,18175,2026-08-05,61,2026-08-05,6412,2026-07-31,47,2026-07-31,34,2026-07-31,58,2026-07-31,54,2026-07-31,backlinker,110.0
emedicodiary.com,2173472,127034,8,37622,2026-08-05,,,2425,2026-08-05,64,2026-08-05,721,2026-07-31,39,2026-07-31,30,2026-07-31,58,2026-07-31,53,2026-07-31,prnews,117.0
emorywheel.com,2161737,110478,8,6225,2026-08-05,,,5713,2026-08-05,59,2026-08-05,2509,2026-07-31,27,2026-07-31,35,2026-07-31,59,2026-07-31,51,2026-07-31,wmlinks,180.0
entheosweb.com,2271281,311586,8,271282,2026-08-05,,,2324,2026-08-05,62,2026-08-05,1395,2026-07-31,18,2026-07-31,25,2026-07-31,56,2026-07-31,51,2026-07-31,wmlinks,180.0
etherions.com,2193046,151288,8,23542,2026-08-05,,,1,2026-08-05,68,2026-08-05,1093,2026-07-31,40,2026-07-31,31,2026-07-31,31,2026-07-31,42,2026-07-31,backlinker,100.0
fameimpact.com,2214418,182835,8,8466,2026-08-05,,,2802,2026-08-05,80,2026-08-05,424,2026-07-31,42,2026-07-31,28,2026-07-31,54,2026-07-31,47,2026-07-31,backlinker,185.0
fb101.com,2145279,83066,8,5812,2026-08-05,,,3079,2026-08-05,70,2026-08-05,1820,2026-07-31,45,2026-07-31,30,2026-07-31,51,2026-07-31,49,2026-07-31,wmlinks,230.0
iharare.com,2134713,55319,8,31989,2026-08-05,,,3427,2026-08-05,57,2026-08-05,1565,2026-07-31,22,2026-07-31,25,2026-07-31,47,2026-07-31,51,2026-07-31,wmlinks,110.0
imcgrupo.com,2132026,52131,8,6165,2026-08-05,,,3579,2026-08-05,66,2026-08-05,1786,2026-07-31,48,2026-07-31,27,2026-07-31,69,2026-07-31,49,2026-07-31,wmlinks,110.0
inksem.com,2202143,164745,8,6505,2026-08-05,,,1149,2026-08-05,71,2026-08-05,322,2026-07-31,34,2026-07-31,17,2026-07-31,55,2026-07-31,47,2026-07-31,needmylink,224.0
ipwithease.com,2187863,145440,8,10551,2026-08-05,,,1322,2026-08-05,50,2026-08-05,906,2026-07-31,47,2026-07-31,19,2026-07-31,70,2026-07-31,48,2026-07-31,whitehatlinks,104.0
issuewire.com,2289241,352025,8,9101,2026-08-05,,,12349,2026-08-05,76,2026-08-05,5306,2026-07-31,44,2026-07-31,32,2026-07-31,52,2026-07-31,52,2026-07-31,collaborator,100.0
lawctopus.com,2195741,155296,8,96925,2026-08-05,,,2306,2026-08-05,60,2026-08-05,1790,2026-07-31,32,2026-07-31,24,2026-07-31,44,2026-07-31,49,2026-07-31,wmlinks,210.0
metrobi.com,2322928,475431,8,11324,2026-08-05,,,2041,2026-08-05,72,2026-08-05,1387,2026-07-31,48,2026-07-31,29,2026-07-31,56,2026-07-31,47,2026-07-31,backlinker,155.0
mx.kompass.com,2209326,175395,8,6907,2026-08-05,,,152,2026-08-05,77,2026-08-05,84,2026-07-31,17,2026-07-31,25,2026-07-31,68,2026-07-31,48,2026-07-31,collaborator,109.0
mydearquotes.com,2195259,154746,8,29756,2026-08-05,,,5879,2026-08-05,73,2026-08-05,1815,2026-07-31,44,2026-07-31,26,2026-07-31,61,2026-07-31,48,2026-07-31,collaborator,100.0
netizensreport.com,2266899,262867,8,5844,2026-08-05,,,2456,2026-08-05,71,2026-08-05,1051,2026-07-31,41,2026-07-31,38,2026-07-31,37,2026-07-31,48,2026-07-31,wmlinks,158.0
nonchalantmagazine.com,2214675,183209,8,10571,2026-08-05,,,1060,2026-08-05,52,2026-08-05,453,2026-07-31,44,2026-07-31,25,2026-07-31,34,2026-07-31,41,2026-07-31,wmlinks,239.0
peoplehum.com,2379189,564442,8,71293,2026-08-05,,,5500,2026-08-05,70,2026-08-05,2629,2026-07-31,47,2026-07-31,29,2026-07-31,40,2026-07-31,48,2026-07-31,backlinker,215.0
pixelixe.com,2154495,98698,8,9180,2026-08-05,,,3052,2026-08-05,55,2026-08-05,789,2026-07-31,29,2026-07-31,22,2026-07-31,32,2026-07-31,46,2026-07-31,collaborator,150.0
radiologykey.com,2296652,433038,8,42526,2026-08-05,,,1790,2026-08-05,50,2026-08-05,1127,2026-07-31,40,2026-07-31,24,2026-07-31,43,2026-07-31,51,2026-07-31,wmlinks,200.0
roadfood.com,2284829,333749,8,10063,2026-08-05,,,6309,2026-08-05,62,2026-08-05,2207,2026-07-31,27,2026-07-31,29,2026-07-31,61,2026-07-31,56,2026-07-31,wmlinks,190.0
robthecoins.com,2176755,130784,8,7247,2026-08-05,,,1531,2026-08-05,59,2026-08-05,625,2026-07-31,37,2026-07-31,15,2026-07-31,31,2026-07-31,36,2026-07-31,prnews,104.0
se.kompass.com,2209334,175403,8,11306,2026-08-05,,,601,2026-08-05,77,2026-08-05,601,2026-07-31,28,2026-07-31,26,2026-07-31,68,2026-07-31,48,2026-07-31,collaborator,109.0
spreeder.com,2358258,535246,8,9030,2026-08-05,,,2296,2026-08-05,56,2026-08-05,1469,2026-07-31,42,2026-07-31,28,2026-07-31,57,2026-07-31,51,2026-07-31,whitehatlinks,248.0
swns.com,2154724,98964,8,5383,2026-08-05,,,3787,2026-08-05,61,2026-08-05,2439,2026-07-31,38,2026-07-31,42,2026-07-31,68,2026-07-31,56,2026-07-31,wmlinks,205.0
techchevy.com,2370303,551084,8,97136,2026-08-05,,,668,2026-08-05,70,2026-08-05,117,2026-07-31,37,2026-07-31,18,2026-07-31,44,2026-07-31,39,2026-07-31,wmlinks,130.0
techfinitive.com,2308035,458965,8,45238,2026-08-05,,,3284,2026-08-05,56,2026-08-05,784,2026-07-31,27,2026-07-31,26,2026-07-31,32,2026-07-31,36,2026-07-31,wmlinks,235.0
techraisal.com,2321226,473620,8,105442,2026-08-05,,,1427,2026-08-05,71,2026-08-05,563,2026-07-31,45,2026-07-31,33,2026-07-31,54,2026-07-31,29,2026-07-31,backlinker,185.0
thedyrt.com,2098026,424984,8,217592,2026-08-05,,,11614,2026-08-05,73,2026-08-05,5782,2026-07-31,42,2026-07-31,32,2026-07-31,59,2026-07-31,59,2026-07-31,wmlinks,145.0
theengineeringprojects.com,2115236,28139,8,46732,2026-08-05,,,4009,2026-08-05,71,2026-08-05,1172,2026-07-31,44,2026-07-31,24,2026-07-31,68,2026-07-31,50,2026-07-31,wmlinks,180.0
theolivepress.es,2115486,28483,8,31051,2026-08-05,,,8289,2026-08-05,70,2026-08-05,5270,2026-07-31,52,2026-07-31,29,2026-07-31,70,2026-07-31,52,2026-07-31,needmylink,211.0
tinybuddha.com,2284637,330773,8,78261,2026-08-05,,,14235,2026-08-05,77,2026-08-05,8365,2026-07-31,54,2026-07-31,29,2026-07-31,77,2026-07-31,63,2026-07-31,backlinker,120.0
tribuneonlineng.com,2116557,29906,8,110039,2026-08-05,,,16475,2026-08-05,75,2026-08-05,7434,2026-07-31,41,2026-07-31,31,2026-07-31,76,2026-07-31,58,2026-07-31,prnews,130.0
vabeach.com,2214333,182707,8,5851,2026-08-05,,,1490,2026-08-05,50,2026-08-05,901,2026-07-31,40,2026-07-31,51,2026-07-31,49,2026-07-31,47,2026-07-31,prnews,104.0
whatjobs.com,2210050,176336,8,20483,2026-08-05,,,8631,2026-08-05,69,2026-08-05,2584,2026-07-31,40,2026-07-31,38,2026-07-31,69,2026-07-31,52,2026-07-31,wmlinks,150.0
youthkiawaaz.com,2153837,97913,8,26542,2026-08-05,,,6393,2026-08-05,69,2026-08-05,3456,2026-07-31,34,2026-07-31,28,2026-07-31,66,2026-07-31,52,2026-07-31,wmlinks,100.0
